series,naive2,snaive,ets,damped,theta,comb
M1,55.496851580475095,70.20878407935511,67.33422454758465,74.44561668428292,71.57535554115627,70.7878470735575
M10,41.1105359110991,37.301266055955196,22.292446815209694,22.43795059649493,16.907443258218365,17.296989433188095
M100,8.3479782406406,8.680130892826424,15.542543647958322,7.363245793174274,8.723660570673816,6.856698290016063
M1000,2.7080799526724264,3.994501645493238,0.5293869647781535,0.9472390995555116,1.1306146415884828,0.8571761117126383
M1001,2.3072168083749136,4.6084566579157595,4.792909330796827,1.4229156743201001,0.9662239528985038,2.1259161493944863
M1002,5.171600193445175,10.575215594124707,0.9633786913103032,3.1731859341619444,4.38803583377166,2.4919233326160284
M1003,1.1292551281725094,2.441592385030539,3.2963293768204553,1.9514544111193506,1.1725597838391315,2.11093054778384
M1004,2.0618655180606456,3.0270650648270507,1.3406157175684876,2.2362909643141076,2.8602520455244282,2.128176408601118
M1005,3.059183699622823,3.5067781279655583,2.1910395979728743,2.485878301395665,1.9990090273264864,2.215277104107403
M1006,1.1765069260098502,1.5572376455948793,3.8695410137113675,2.580482475194282,2.5728242261131604,3.0102888649485653
M1007,2.681809798465105,3.622879803044784,1.5179104072207983,2.4993147746702515,2.2521230555618192,2.070270191735781
M1008,1.2683481083577464,3.5591938377486607,2.022766371103658,2.206663900107964,2.7882581786315423,2.339948751199397
M1009,11.348219813322768,19.862459143550062,3.2284185963463026,2.1017545505991513,13.674727140847573,4.832261967375774
M101,7.227886147761094,5.509721988178137,6.064650089737153,6.090049861882501,7.459901508496462,5.558845997446801
M1010,6.419078386577997,7.477943864411671,3.144839392726519,4.487836766793762,4.036051996742467,3.8655989574286065
M1011,8.410036896571325,10.57227065323929,5.961223688900974,8.175213401101624,6.991921903237008,7.0063739230608535
M1012,4.365896320721447,4.153543422469193,1.1495618971111607,1.6865451113849366,1.7893099338208112,1.4692222898282794
M1013,7.849703538266381,7.414207726009806,3.7907612771635684,5.779464617232061,5.226545637461319,4.927899346354597
M1014,10.273285520440048,10.410159232474944,6.595521659899301,9.298779548135776,8.156222810199312,8.001776801880087
M1015,4.969491791517647,7.076469889383684,4.7167690537818,4.873006208051542,4.789054995012569,4.714226441338374
M1016,12.750572221218196,13.865463759051776,10.616028370581887,12.3116261015251,12.115565739924982,11.676598774166386
M1017,8.853215204213598,8.394791756702181,12.14671889325221,11.336888255428498,11.506634338032237,11.66462395183556
M1018,5.971939275879521,6.981457988844622,4.255098647725406,6.79352080970185,5.587540041835242,5.53902409174244
M1019,14.19017660525446,16.050620980438996,8.214300486401013,11.978182720603108,12.541695771541306,10.889638943717047
M102,13.614962878700277,10.91999371194948,5.8381960895791725,5.469989727963704,11.171621339195035,5.01944251401666
M1020,12.232990747525703,14.71425256080827,8.498009695699503,9.408417553737268,10.429224509636093,9.441333718103643
M1021,13.518183829788706,11.56282762317025,8.509198689515747,10.374296286792152,10.086745547821328,9.651170968490286
M1022,21.08809978927599,31.458950825916354,25.545495606201158,25.577834271675073,32.42295554273831,26.00230060784223
M1023,5.250978080274409,4.208350513921783,1.5747254212469948,2.3304327619773835,2.9426536026854775,2.2807476697966353
M1024,4.92733129094839,2.622076761717033,2.1459898036296647,1.3395470822880695,1.2806490331004297,1.4716866841040896
M1025,5.351876156466938,4.837797067170043,2.1781308661034777,2.8050318250568136,3.2099308160387348,2.7298723034241537
M1026,10.072403890135345,14.242788210925685,7.6581634120444955,10.323870526256192,9.297740906656303,9.086103457326844
M1027,5.692623511981662,4.372269558939671,2.323352456556435,3.023012390594215,3.465135866517804,2.9358473516750063
M1028,12.159954680764143,12.137113466626774,7.08212519098765,9.836878597650617,8.850459557186333,8.561528541432445
M1029,16.75870062464463,21.173162113525084,14.226382376901206,17.81757436952915,16.712997254236154,16.238268322687553
M103,12.274236317406269,19.221544410075403,12.338913531005511,15.351046234658229,11.062451651458161,12.324453194465796
M1030,8.211920815952398,10.86663605633681,4.65208721174643,7.010857799091533,6.330971849391606,5.991928060369599
M1031,6.443921754855103,5.902393368376561,2.5594555438268025,4.725748570439582,3.9027455794693484,3.6896032554526723
M1032,8.754764652352554,9.805267062757967,5.175443302085159,7.234989985251608,6.117824154699794,6.171736343501451
M1033,12.614448875258619,8.305599281089295,12.520888200215845,9.641686463535516,6.701692197669262,9.450507578276719
M1034,12.301902503164612,11.634639631254572,7.2271452837747825,10.016200683681648,8.42066133335641,8.523633668609657
M1035,14.032309266197608,16.04122719478717,12.588288544304907,11.78149322282308,14.30624534187887,11.665524287368292
M1036,4.685326068382524,3.0846260955333236,4.279558517104728,2.5316346297393983,5.628370362964003,3.748259463717712
M1037,4.949306138262559,5.7842960906563565,3.3749135466211966,4.455219427921052,3.7730417436951504,3.8661187063632263
M1038,19.39565022228829,17.46131754230508,17.601079869611695,21.089981259804237,18.66406010670137,19.103575813094423
M1039,10.57182184380337,7.812599651161128,15.222391995960741,13.427301524772544,12.119748996464264,13.602227848249505
M104,18.730133318123354,14.12263213420131,13.87932095463106,14.120969685817961,14.152176225331724,13.954136120333247
M1040,4.2037896484188995,4.004957691610539,3.452255566914478,3.884992974468373,3.9252793167266193,3.747575552619343
M1041,3.1334778120798443,2.929960074246863,3.099136718118516,3.062268252025932,3.4657770475067426,2.4949039634734778
M1042,8.083247001314348,7.12096928612999,5.304476427564077,8.4528705509552,7.331818294174941,7.018575790585754
M1043,5.451705595293353,5.616701703390424,3.476230074886617,4.959073772997302,3.62998317349831,4.018985000946436
M1044,5.107196215276674,5.783205287131737,8.429390903352331,6.003276277842009,5.9347954806490915,6.712613803930651
M1045,2.1957233911044938,1.9918036889443935,2.2093061470385527,2.3065733576394276,2.26353180522804,2.203318599193673
M1046,1.6214612994881987,4.2508653249036925,5.18425181038494,2.0515935293675533,2.4462260139711725,1.659761167130231
M1047,6.399894582529886,4.614466184253289,5.818696481251383,6.605968603042431,6.8393282976571035,6.419135737577785
M1048,5.819627693395371,7.8042705742432394,6.39664247021921,6.640047353035229,6.020657885983222,6.327231016353178
M1049,7.405473544879805,8.21647363475649,6.049550726665142,5.822454890203748,6.617510064080388,6.103474773215648
M105,5.573638966114432,6.267243713564138,6.600201103622198,6.402676899873056,7.123626995944161,6.701433043648383
M1050,19.06694236937436,12.605358620427264,26.84660775974033,19.812608319221873,19.117712876930664,22.038371870274908
M1051,18.186643823910316,11.112505023427623,29.934078954836238,18.684602737439732,17.268657336419636,22.223767768342057
M1052,23.977719131936638,19.507642708299453,36.435180388210284,30.62866650104691,25.345482990585044,30.975800212907327
M1053,18.90064833611764,17.72211452831969,24.027585409694876,19.8527370892427,19.382555787549595,21.054760689072072
M1054,22.43760108491803,18.7826364968733,33.562567991708995,27.75738291719118,21.82879829545519,27.887194466885784
M1055,18.032484985242306,16.265614054873325,26.826149897050033,15.055376098200652,16.91123707579771,19.565090606082244
M1056,49.46914884334134,68.4337192769983,68.99122021077383,67.30717494798553,65.13236674210832,67.38857201461259
M1057,37.01239911067352,44.62423298128493,46.08266297167564,43.74687030724172,41.30432958382328,43.69323353723259
M1058,10.762216877561677,37.3242827791676,11.654466122181482,11.18793445308938,16.76124834533889,9.388037488891692
M1059,8.113405225263907,7.531913457564879,14.322208703937852,13.418228292067942,11.434029989037994,12.887683558475375
M106,7.981806270682368,8.376852160837394,8.595490453495175,7.641864997212402,8.656895694516813,7.229308363712958
M1060,32.47933875109092,47.696502148733316,3.8442923527257538,4.941383520972426,28.90629449318838,11.852575846243349
M1061,31.888243563357193,39.223468574781265,18.06433575315164,18.287648307701364,25.512000139334415,20.55259025931849
M1062,10.396964251963333,14.960341170072436,5.226041992024906,3.874705597023872,8.025831369709739,5.5891563061262595
M1063,12.261728073394865,14.925601929984058,5.639349297240495,6.8584642466522965,7.3614509213799915,6.513414608834209
M1064,12.966815209637693,11.933507451480379,4.557573708932727,5.542705319747586,10.123014002492946,6.35659565366008
M1065,6.99138329993715,16.791738880243923,5.340393339399605,6.381867992991335,6.78953221338437,6.151552595218587
M1066,4.6043004665588185,8.848409892529402,2.311646353377483,2.7235788284106572,3.3659982041400442,2.7275015268023832
M1067,6.305930822049339,6.837323550612034,2.083657679409686,2.023865346244879,3.337658295242847,2.182572162771395
M1068,6.812561649353743,6.506784207875274,2.928884757070249,2.5040404859834426,2.5807060358185847,2.296957065006969
M1069,7.815866562556327,10.023324149896407,2.3970627520917187,2.3981419887097557,3.21074169965255,2.5105490273151463
M107,12.003496539476997,10.715032576251993,13.5770189412949,13.038590641823294,7.6269060146791565,10.604410117196018
M1070,4.336922393528464,5.148237988372614,4.930501513144912,4.030776011843661,3.530843477554554,3.9044962461484545
M1071,10.982444155299726,21.749881223455322,11.446401389885619,13.575630052157729,10.944872078152855,11.819543121679411
M1072,15.037868456146201,16.42528647273967,4.562125739856863,5.546243516023333,8.836250643768958,6.289826840760695
M1073,1.1915019698657083,1.2746225049809712,2.467832849171943,1.6978939128866233,1.2351853242450916,1.7988167216062843
M1074,5.243693701378856,5.073173584882686,5.073775789191529,6.038189670482607,5.8498016894570135,5.655973307693815
M1075,9.398760765993117,8.588476822330769,15.761938851512191,14.409985115243792,12.732673624004377,14.070658802024694
M1076,13.641104812842961,13.45471286705334,19.734394156738787,16.97643055970609,16.702635197551825,17.771937516799362
M1077,13.924922400558048,14.453899582515248,16.90959145074521,17.15960639359994,17.295656375868194,16.893403942785646
M1078,139.44958533372815,70.25698542633583,121.52945884716343,71.09087252056493,52.93434073490466,77.61406000026504
M1079,102.51872953628094,73.03111427368954,130.14767004444144,112.84626912866892,56.61116653763339,105.08862644356132
M108,31.368162707843858,24.67373085799062,15.945211782787267,15.976593565928283,18.991290736431782,15.689221967032175
M1080,9.429957402995651,7.791120256405609,12.319286845498679,11.088612532955148,11.241666257349996,11.557313160950963
M1081,12.366873393189971,6.078616459497251,9.566902622977748,10.840462342982057,10.144908734745384,10.172361404067296
M1082,10.483937025588903,6.714633530820098,10.805813205029413,10.162863796020604,10.034052909219985,10.335396579725506
M1083,3.5821014596207346,4.184498171424847,3.1483071338463606,2.683696926423541,3.4522036762969126,2.7693804124849777
M1084,15.817059207700977,22.314321189561348,3.496826944222285,3.3912886191245244,12.10827916230954,5.549446018930049
M1085,3.6868334735436505,8.70164419453172,4.918875008294852,7.450901085772115,2.761886968964518,5.034202699413774
M1086,8.941892783393339,11.4325378861642,0.7098556319516899,0.8605636470029044,4.5230509705468585,1.620262232406427
M1087,3.197462762587717,5.257630491333568,5.741502927698885,5.2731328869226655,2.197336988555912,4.299622845966798
M1088,4.424394587356372,16.873154614902532,23.066352453349023,22.41208572663537,5.242464752944952,16.588275031041015
M1089,4.646288068136349,14.402110894015932,19.549381344928193,18.933850758809537,5.622075380557803,14.544608883766678
M109,23.891378038679807,16.318302832516295,12.115207339390421,11.76506310026135,12.507761218376109,11.931367513787768
M1090,33.547292336035625,28.817538058677957,26.58352710715637,26.029908097991935,28.310366412192728,26.924773052847495
M1091,29.062816059341838,40.71242251815095,28.50463757285428,26.148993708469252,30.5672614305232,28.42952771863243
M1092,21.294457861740497,30.63020651436524,24.226893873430814,23.134248781814208,24.394521708329535,23.92505800530136
M1093,3.3705594033204926,11.562502439509776,10.95219420738596,8.044905553055065,4.120125903794711,7.547317704796896
M1094,15.393799989230224,15.304848580935218,4.866669538063418,3.9105064098054303,7.873594603727333,5.145395562482747
M1095,6.241141202663608,15.501079036300865,4.290578319772079,5.176741770403925,6.47382982826045,4.906307871318388
M1096,6.294665897288073,22.138661465890515,4.86201117852087,4.688546729514385,6.597346490111198,3.2276030123557615
M1097,2.785496198312998,3.5053722106723533,6.115831226511158,4.895245301013983,4.10127329408951,4.918392194649697
M1098,3.1691853218637522,5.2432819066552,8.934438734529854,6.454190837067745,6.838867282722656,7.423050079977584
M1099,4.5230027410448175,4.059353308698766,1.883578278254209,2.1367939938746416,2.1890158786358973,1.624172240884512
M11,21.567794384689353,28.576387895165308,21.565842282969054,21.496347789520936,19.419767755665422,17.26522888949204
M110,11.855207023902679,16.072130348290113,9.287055802450748,10.454279673010461,9.955289425821158,9.640218191645044
M1100,11.427529164829739,9.435786367049824,13.692653162994873,12.293942260859877,5.518127158919032,10.304885292075419
M1101,11.258475727974393,8.53788041281217,10.713371986801867,9.647017594859786,5.194963471010679,8.226988354347261
M1102,3.950297417711317,4.805723337919265,1.3402080763040092,2.427070590789512,2.1847999389826693,1.793694088837284
M1103,6.7116116857858295,7.354554843872295,3.474124482615576,4.042586299650246,4.838558459479773,4.00734821320065
M1104,6.463143123391739,12.059632054815047,3.2946363686538778,4.080678956162176,6.056399776632078,4.376153613642219
M1105,17.39374507887189,14.841853695677937,21.17661300180261,16.792443897178327,19.866240106671796,18.86575019852253
M1106,4.570184309487271,3.8689377704295236,4.212596513639272,3.112916572469075,2.0570484336502024,2.94924313670373
M1107,7.338282825436325,9.287626402056961,3.738452782099588,4.628217577267081,5.815377234273423,4.680095807085247
M1108,4.677599174763165,3.4225121064449247,4.284965700992404,3.8189258501498387,3.7708659006306817,3.8382822960651826
M1109,6.493608499403822,4.029537573883984,6.600146277081679,6.031680245638088,7.901756924365262,6.851669107622741
M111,22.757442708449542,17.547905926312282,15.966280229579647,15.92817161722419,15.857814768354267,15.485456344654267
M1110,3.5894470888683037,2.314869255043645,2.516350399068928,2.0399502913257455,1.8593319991143764,1.956907556580151
M1111,3.5832503897939185,2.87611821238088,2.548346505901358,3.0907897059318694,2.1155157106990585,2.1520637840270314
M1112,7.2518940057833605,16.056012700111864,1.8313257925377908,2.859359422667144,4.23858356275658,2.9498391747693136
M1113,9.642122512821535,16.180082754478022,2.2565995413608477,9.868660076677095,8.746154044341166,6.884410975754761
M1114,9.372307458983574,11.987744018617903,8.091937123174585,8.316076715119378,10.198252369350715,8.876618143624937
M1115,13.746243686088116,12.573968547152596,23.0005964446365,19.727439806619163,13.921608885787585,18.98844915281818
M1116,1.8237108940365099,3.4735589702948824,0.45513748232474327,0.43663087350713964,1.0728499251022983,0.6354831312114221
M1117,19.6211314669397,21.148515584672605,15.971919202551103,16.87097177786005,17.580895051896576,16.774324037085577
M1118,0.6423087022106865,2.060062396420478,1.0759101060568876,0.8180069442118809,0.6408742810570887,0.8254583240418282
M1119,10.087129773443248,14.395586733536662,6.075019575644336,5.575245358050967,8.28432560563632,6.636495184028848
M112,27.010138461911183,14.84341698789917,14.933078699242152,13.15148588071246,14.565445856562157,14.128422028900168
M1120,49.015976968504425,36.72715735054052,30.69054057457798,29.93414298011353,30.30770007663228,30.194201117842574
M1121,11.692422102704876,19.876139493228283,3.795713758073176,7.6340448050359,6.637474523074562,6.041038248495109
M1122,2.415345214986219,2.089865863777314,1.677836691797151,1.608958021707198,3.275801660050502,2.1771129839763512
M1123,2.529478517189894,2.5337181177593147,4.442698091120919,4.148789794238455,5.954110653495525,4.853446959385773
M1124,4.345048024008321,4.806735263760078,12.943157997891106,12.839890120388194,9.921818942147079,11.915276351119724
M1125,3.062059255125015,4.562407634612754,11.128679218689514,9.35430015988522,3.127133191744332,6.572014713321061
M1126,10.017182200495256,9.403706929485345,7.169866705028986,7.775959411672594,4.862477636662831,6.589236503184819
M1127,9.99357007722117,11.89241923102963,4.8086947360827095,6.034893338191658,6.063481345084117,5.631296977352659
M1128,11.980647235669474,15.087802018274296,7.130512463121682,8.352152275926061,8.63889763068064,8.037076441094442
M1129,12.359433197646243,15.370290561703412,6.766562909004096,8.070256595970722,8.396899152153571,7.740723062538748
M113,9.933945410681448,10.715826440641699,7.156116722517418,7.024308304095742,8.064819307498642,7.067143069512065
M1130,9.993495177558941,11.89241923102963,4.914575759521963,6.062106934425216,6.063516714542408,5.676609317009251
M1131,11.454615792995671,17.96725511308078,12.392044119615198,13.241592077497973,11.545018259315206,12.370198249817035
M1132,8.169343087322389,13.577134298682504,12.164926270075368,13.615046226447081,12.604304813388215,12.790214397135037
M1133,11.402590946501359,8.788094182615671,15.475122904620077,11.844706346807072,9.758670494807971,12.325496144056972
M1134,11.448985231795573,8.820166619248702,9.727434341964006,11.806912992679102,9.829634048232304,10.449209483175409
M1135,11.274705564893985,10.532687904995726,9.248686463935226,10.074409896970717,10.609951546059833,9.95783527780379
M1136,11.858487902295318,16.55000384921589,10.547318841195455,8.939189382736082,11.367944413310486,10.278960537310047
M1137,13.9094915825002,18.858433852477194,12.141480705111602,10.596125010304192,12.905264742818296,11.875269239974386
M1138,8.87812224205027,13.798962303312882,5.3529719031326595,4.784163272676482,7.668992065542211,3.4382679949265516
M1139,21.911350410233396,23.617825038985117,44.35954591714956,35.1083569260734,24.44770443233504,33.816785656341
M114,7.594744639579141,7.18519949517479,6.7561597780978975,6.348358522660337,7.5789184576162825,6.65845691787394
M1140,7.189812097536698,8.421438663011095,6.6554281213538875,5.589317817292955,6.94851004779564,6.29775521035557
M1141,12.6503708238252,17.637501999184416,5.762657423676921,3.935923235927552,8.274048037183029,5.970130555482815
M1142,3.396397342073046,8.007050318418266,1.1494583948443329,1.17253226307364,7.089094080412622,2.6237915271717998
M1143,2.860519840703642,7.31304760730941,1.0651600624843622,1.1968968887415747,6.744579820497893,2.5920749232658986
M1144,3.099520023712591,2.35894619029411,3.911457887890956,3.2075940903776523,1.4480066807331327,2.5630323284107965
M1145,1.2635782009245888,4.7461651461696786,4.313181907343426,2.5793009021607265,2.494433448543524,1.5178403544558519
M1146,10.116787422830042,20.310553198954818,12.11420765970623,12.925980160023736,15.118463531215408,13.24129705833423
M1147,5.904083534182377,7.1495353828298285,4.967337410682061,4.489233649439992,4.407510449166729,4.507867183932336
M1148,7.706487810691282,6.83160900784626,6.777484326584195,5.888421853079678,5.251518394711365,5.919833623580797
M1149,12.244051568967906,18.96356434470455,2.2237436259104877,2.15254673487001,6.06296157226122,3.0370029760827477
M115,9.55105675005542,11.731028856896696,8.197447405995549,8.178830918959816,8.572558491434659,8.15649694584523
M1150,14.627442446590075,21.67643465859149,3.514962327106263,3.46520003415808,5.728296876696941,1.7320253503273997
M1151,1.9829506847627825,3.015062821605902,4.353059191370811,2.911614500166471,2.0748075508131163,3.019491898340805
M1152,1.4998907467078413,1.9553339269133585,1.3216425392158309,1.3797218240238938,1.3502698885061164,1.3505757256708502
M1153,4.81023291660532,3.0166507971453487,4.741398805583941,4.604399121407326,1.1149518812100476,3.439618337159814
M1154,4.457715559826394,3.3513864976699255,5.163692805680629,4.906269207601767,1.890808194215592,3.756287819909658
M1155,3.1339429287580356,6.302587918426411,5.076443385103433,3.4031043447513842,4.161220225553954,1.880987247711439
M1156,11.495472181787477,11.200603329235303,9.609079870846156,9.776542688608652,8.389794484296921,9.255328537108959
M1157,9.465641118515578,10.038097860163353,12.283195492817029,9.539014040878993,9.436202380637518,10.408780188527901
M1158,9.933394773807082,16.27477411671166,6.744924636176307,4.575370874589917,11.473837359641411,5.749797824549717
M1159,2.889455829481923,3.06102874733107,2.6205676246770957,2.6310052187677515,2.6675532392426007,2.639658027835394
M116,9.801109515976155,9.25518173263647,10.45792149162146,10.574340482314978,9.714588565472953,9.761116176558623
M1160,3.6402009960944404,2.4425252951238665,6.022036134384776,5.530335284728408,0.9021938168504519,3.9373085804920924
M1161,8.878551002256254,7.878981192962722,3.82017743271026,4.294902158152483,2.4789955348762778,3.5113346321579675
M1162,2.8244347616819567,1.4943581062324478,4.2463055631032045,1.4142333892963925,1.565292667505802,1.6752607205497079
M1163,4.635036640251041,3.0202615549390837,4.049434452447047,3.9755691935643114,0.9420013214844885,2.936364707878967
M1164,3.5594057352375126,2.445871203265021,5.473449671074456,5.095832813197543,1.0341300367357853,3.593605718912565
M1165,8.98054050440592,7.90291444095347,2.467532985010095,2.686284226122456,2.6610836860160663,2.6038826902026577
M1166,2.527555759019318,1.4970898438590818,3.6935975180170075,1.185365923164104,1.4042305869325111,1.3152534976927452
M1167,11.741834501069997,9.098073805288315,5.686961978530738,6.318027744656855,7.792651327758926,6.5198836985184565
M1168,20.325159771657496,8.808092789262325,7.453511709079911,7.55760172177024,7.9101559114948765,7.393112180940646
M1169,10.418881199685886,12.27258814064372,0.6347449187561305,0.5152184312896677,3.5942707927691213,0.8999211058266413
M117,13.59681782912019,21.157930435001603,16.98433672580114,17.949383721020542,23.00438469921852,19.282526861565614
M1170,9.961805872002193,12.406382643183818,0.7218098527587656,0.704998518045058,3.7889192294550345,0.8578296842636906
M1171,11.741836241577786,9.098072233884801,5.68698956136294,6.440616906397723,7.792650351421689,6.540795655013259
M1172,18.3165655154301,16.425916872021805,12.562524557443394,12.517210758608366,16.434789726900778,13.323875163855195
M1173,16.701629577992147,13.007920134580708,13.926113948667666,16.536092975462616,16.31639809013176,15.53781413197454
M1174,15.175976700946965,13.856459927122089,9.607302427135743,10.510417142029212,10.793623413053952,9.918754755183167
M1175,29.77370787783247,17.062589475927222,11.379875940688732,11.498579672450962,16.080111161905982,12.50322033316614
M1176,14.376148728245052,3.0640206165900796,7.95324807961808,5.67143777914168,7.1631754152560525,6.785908274382784
M1177,12.302946532413749,5.928175737106965,7.604973366263264,7.636823333663366,9.99788904995625,8.3500129282538
M1178,84.90225734987892,42.0803247176498,35.02747657815353,36.009726382797915,31.754885987833752,34.20951040703339
M1179,6.036206265191936,5.936446629206639,8.554633810086452,6.22752815417895,6.1382192026725395,6.940415877683559
M118,27.65773692987353,21.987970828979435,16.929902727017897,16.603931723778715,17.958954770209743,15.191081199344783
M1180,11.762546965021933,15.545645736308387,1.5977804884954876,2.334827990055269,7.473526569259445,3.759897180587898
M1181,2.62079262921611,1.868940146408795,0.33536735232699977,0.9893592473666053,0.7326720522402279,0.6562063198584004
M1182,12.333152085909,18.712725156690592,3.1705892086075056,5.4723812775151774,10.376395964596197,6.284712778495802
M1183,4.205303498838047,8.327345614484932,12.085045668934699,6.127884928464418,2.7353916223742485,6.894819507533782
M1184,4.09027874805518,11.557616476831729,6.367687598293798,0.9386427436111799,2.9919754669035004,1.3752741669494213
M1185,11.298540543693038,21.826212261750115,8.110994756155439,2.6646061972613904,12.870043734168387,2.96614237949869
M1186,8.598777667028067,17.732120955146627,8.377246356546102,2.575037721835303,10.040617555638628,1.8085879247631196
M1187,11.532697499760575,15.517228464237348,0.7126085808351689,1.6071304830192057,7.227651129060214,3.110370947328091
M1188,2.528152842439058,1.8555506765322325,0.9918204958881027,0.3691991828921702,0.7932581158396093,0.6660964991841571
M1189,1.1359674395110941,0.6305775642325364,0.8523880286281177,0.7667529881921108,2.0004295467304996,1.205885666270334
M119,16.060815720847614,24.784411313775237,22.216980392555367,21.45633667466623,19.276702487044943,20.64952783545538
M1190,1.989129590284037,1.5115800094647447,0.5100404742062685,0.5463231947383194,0.9264079992966382,0.2782052683383996
M1191,10.669083306194052,12.466092439929405,0.1503243711987111,0.3031051333428263,5.850636111483357,1.9932334342935372
M1192,10.771808155656874,18.63712210176988,1.904679757234213,4.109671895978614,10.077043156032024,5.2885861901043505
M1193,11.286923556854939,21.787140064974597,7.980280316849412,2.6029288519248683,12.861372971759453,2.984121355911594
M1194,8.08280667985787,17.701682105935667,5.792317924199818,3.285475368568774,9.805125500276747,2.7365990817151498
M1195,21.042110786207267,29.81269554536636,30.707285567052395,28.586875737836742,21.658298090191256,26.30236200574601
M1196,25.039901538350733,31.289939608202232,25.615407124597343,24.918980195079403,22.63740421735015,23.578913320360446
M1197,52.448784514745256,43.71588551497189,52.26867336930236,52.91300879423261,47.47397991792168,50.34330329643626
M1198,85.6889478771921,75.93437631674585,83.54660892733834,81.5258662032052,80.76876983201983,82.0316333125831
M1199,20.976552073954274,29.72235663044701,31.224202151937007,29.101940051990923,21.76121763403572,26.690866895231075
M12,121.06826902598726,95.72677818843498,91.72395132245293,89.28758880449263,88.90441777851464,90.36776261238236
M120,10.264403650660874,15.847741410820525,12.118905468962446,10.922704345067082,8.946195497708088,9.559864752139937
M1200,50.306529988698436,61.06627671108524,56.25969670852656,53.68101164962075,55.32744853493497,54.771611630480756
M1201,78.29375727927109,95.03726869579897,85.08995514057564,83.98605926758499,84.78786860020787,84.11092589189266
M1202,33.93365378732145,33.10994762900333,31.945604830061573,24.69142213430267,25.01847098077686,25.303676512783245
M1203,30.44739367106386,25.924531554831567,19.723848911958758,20.20123685183363,24.68445498014329,20.941059153223065
M1204,55.12956155916404,41.40909324381885,59.36973908118838,47.54512873309618,48.77163204393207,46.45598105320392
M1205,7.5256504023994415,8.082406137600067,13.121800803158798,12.919915020094678,12.231419336095598,12.7600545060791
M1206,18.610994688338298,22.624990387809476,5.209919469845524,4.359938364875552,10.684668293951898,4.6412032360128315
M1207,6.044574247380802,9.261331793192017,5.945264465517851,5.263305285454646,4.639165439906612,5.254048044879433
M1208,5.8227335627330925,9.23617606404245,3.3412207683975748,5.320394836868328,4.4071664252451965,4.349729269904385
M1209,14.528012877049175,25.21405620661405,19.17244768444904,17.484136917238416,19.00959833392848,18.562000733222366
M121,8.825609164640573,9.876144682298488,15.366474044426761,13.132376516880143,10.690788151967531,12.870979177521082
M1210,15.69585801206216,12.666568487952132,7.041850705483872,8.751249779812364,9.852191897654993,8.539314634449896
M1211,11.992869296365786,10.380140036208694,2.517769258838016,4.202454539570902,5.324370649906351,3.93851956027949
M1212,5.677056702722776,8.456010566446643,5.129827557396925,5.602766722794941,5.399232351197177,5.265617078881771
M1213,21.76395597016343,18.042263655194535,18.44357176921741,20.24441865452562,21.160082937051623,19.942479955212505
M1214,12.904956405939641,10.784863483507314,3.454564244267747,5.381075432169816,6.646975086395583,5.150666478214688
M1215,11.57953613878217,8.318110490477313,2.4516230482015566,2.568108720221,5.071910316570584,3.2203781623570213
M1216,10.692132366787112,5.756453658592651,4.6582613618199,6.612240639011701,6.6347101787262535,5.96319616042512
M1217,9.502674495925952,5.360446963945707,6.107849744502764,4.365118081774807,4.6279854098092805,4.659552939201678
M1218,14.434871268226551,14.205123466380927,7.154094897269654,8.723572381306589,9.290179004218079,8.384231391808159
M1219,17.80753516923808,16.125624599888248,14.039014074361228,15.52813737139726,16.91611306030892,15.486754331186006
M122,8.049139273314925,14.888724703358653,9.65912459443043,10.264550419861282,7.193941044933286,8.804996753318829
M1220,19.39063083515281,21.644920456638253,14.567704346067131,16.642387465482937,18.17705870735778,16.44972928527024
M1221,17.962981088141568,25.26311686062993,16.29226595317327,19.501252220074587,16.343739431544197,17.35643917690732
M1222,22.412885449909602,29.66151876012545,23.26570139465089,27.419137281972265,21.331810460776403,23.88335592111083
M1223,15.338857125953995,22.93598423871561,16.338272508091894,20.053661028969913,14.791115705120307,17.009232672491795
M1224,15.078023833954514,22.27956869714957,10.245586843446151,10.683647040679743,12.079170289018466,10.950050335754007
M1225,13.286538019606889,11.27222603464077,4.204675031687275,5.790084128983566,7.3354186439167375,5.767085298099465
M1226,11.934106210704325,8.437204473735488,2.8518770107823426,4.425802843191162,5.5969257040164,4.151101231874876
M1227,20.933816109163157,19.20682930727739,17.38776995114904,25.296427831609023,20.016204926370502,20.84436383573869
M1228,15.22910705113471,22.21038138830813,13.283581888567234,15.783343957678035,13.663767732615948,14.227921758460212
M1229,20.312387291285088,20.502007831901786,17.657817105116937,21.950376284594455,21.192598513301025,20.245978299667502
M123,6.393020812836567,10.000284744688337,11.300161042388773,8.1252212781843,6.310475574397322,8.018808623766908
M1230,18.86946088714884,13.990806015134162,16.64566061730315,22.041333048517988,20.244198066389675,19.614051427295824
M1231,21.599256002679752,35.31321155959328,17.57862381481705,19.859340146246087,20.692873310825913,19.36614502377945
M1232,26.58421605539792,46.901924590969024,8.916950106057591,24.088129168980963,27.46069055190462,19.721465521389362
M1233,20.2789287258572,20.674132779295743,16.7039612418834,18.142307365215387,17.99812836352726,17.602586399860503
M1234,18.83032170332232,14.269611177172818,14.654280095923857,16.20422750066723,16.152434314472853,15.654287203877882
M1235,40.82594947663625,26.97650006091695,23.212240584815397,25.23085597271967,26.681825117225227,25.027455863873197
M1236,64.37335593270217,39.76064217103623,53.39158874786236,54.59963303652579,60.88968590643261,56.23433554548896
M1237,52.649336485690995,32.12087388730143,40.39690813633196,42.820693057036664,44.783139620657536,42.64901825494137
M1238,5.973969215010821,6.1889766185690185,4.214756321233549,4.953798414215736,5.313921611114852,4.825548237337875
M1239,5.836751200122622,6.618509165095248,4.3295298687355395,5.903810103800238,5.230849998098813,5.1583000901130305
M124,10.209593581746931,10.319716038796368,15.988485774734986,15.141250333755515,13.515020389811571,14.72531188772008
M1240,6.853252360578266,7.5406307457568245,11.192147149789388,6.896087974608931,8.239802863775045,8.79867937404266
M1241,13.734775126389634,23.638017039842737,3.4284445845289593,3.8078535098167166,10.020128469000053,5.2731510686728775
M1242,1.9404812015599384,3.3210694650663153,2.4943401305292787,2.1375593192328584,1.3845196290368502,1.9216303437840776
M1243,5.819718975512067,2.9240104746945197,6.456291910923564,5.615913988184612,5.87663940871824,5.981898092824593
M1244,5.171359958672399,5.203385405402821,3.75293369725315,4.0125659988268385,3.92480173887571,3.8727627017040587
M1245,8.204546401443046,7.625914995167594,9.458572475608682,8.69619363043659,8.798839221595948,8.986602546253664
M1246,6.705583628272086,5.7021519740005635,7.530660388672162,6.700072800973454,6.3649173802811045,6.867610392722234
M1247,4.188001225971171,5.094535885068117,2.357623127338067,3.197091328923454,3.639521845726512,3.0473396538153956
M1248,35.78565191417937,59.78403460258577,24.365057849822517,28.630717323858367,30.9728470262401,27.946681792212132
M1249,30.28138577073221,36.50884611594262,35.45033683952204,26.492122533877772,30.644162282321677,30.33937558501281
M125,10.05342982273121,16.147626100598913,18.15404806819432,16.256732515859394,12.629464994624012,15.621001961409112
M1250,31.562379192890514,51.706420151866716,105.95216447852742,40.268728314161535,32.5177821847206,50.73959136437208
M1251,55.53128237203245,49.65790966382632,58.13013192049402,52.757911518225285,58.74266010287445,52.76264951891146
M1252,4.468704094841597,29.867478849269485,6.372578792311637,6.1532664476489805,7.6009645821687615,6.160137568376978
M1253,9.847709298211479,13.466254546838066,12.432008768328389,12.79454484063347,10.214556180308628,10.570499833469128
M1254,9.123429769044908,8.09194347552467,9.67811961216205,11.577704851879647,8.303591114864737,9.774208364879208
M1255,11.128308015901649,16.023328707195372,4.958466219234301,4.877046211856887,6.298370899837897,4.942167438388025
M1256,14.015655618568864,24.281859644109986,36.83206104739782,31.781784400650523,23.17826240397097,30.052069130619884
M1257,33.203630736766804,58.256816911545215,48.83257269845686,45.33421484028113,45.49613484726652,46.604277244138906
M1258,19.693755708154942,18.865497056658164,17.777327844013865,21.57201501022995,17.49865531492635,18.895541363971343
M1259,1.3478256863556943,3.250028732294394,1.5390336550592183,0.8293307100114817,2.784633986821177,0.884632473308218
M126,9.165670986373453,8.756485112946397,16.97709253778355,13.252373756753697,12.722493928771364,14.150406975028659
M1260,27.738049879022313,29.591368901017738,16.018578967533657,17.423904245417038,22.51008063722068,18.608632461753306
M1261,30.825798193354633,34.202050534562815,14.960649748334289,16.216800557954983,25.69999401084909,18.842982760054557
M1262,17.530200306630764,29.033481866188076,3.8034364306626163,4.307855090362069,12.382444187899722,6.574669131720502
M1263,5.079714657653935,6.340711802442687,1.580464076569474,1.9375211155298666,3.0242114822794126,1.9248875930530436
M1264,85.17383981348664,78.56371696552036,73.49622741489617,80.56047478642326,81.03026638128009,78.03068632637714
M1265,16.526023618503586,31.672326161097267,3.193560953859366,3.2066599008482988,10.984683668217547,3.120538862438012
M1266,1.3179681366499973,1.422365191768746,0.5071400985196064,0.40014317042022574,0.4321562277503704,0.3964593412280577
M1267,5.1175474434230415,6.874095315168872,4.126359224583431,4.422971818245008,4.314163833399525,4.287939000885078
M1268,1.3949861543506983,1.5222996034581247,0.48966718084786176,0.3936974574281624,0.4619369517351323,0.39018633846619133
M1269,2.0456528992445286,1.9723461020301774,1.014079183776349,1.1272363929894245,0.8632330070438707,1.0008774435332215
M127,11.858160739701336,16.343178138874475,15.273616489778695,14.828022307554793,15.01422610377492,14.709404095402824
M1270,6.143890271224073,6.2723478964480055,11.720393902296841,9.350108771677002,6.696808222180348,9.284911346997985
M1271,3.8081291094547276,4.291285858650738,3.704292946552213,3.8917959164071942,3.889810621957552,3.824526902607402
M1272,8.117640372794858,6.147696474811086,13.198454619179907,7.957222155673735,7.372385356395286,9.55594057557745
M1273,10.248871505640697,11.130305237019524,23.74316222860609,16.06841169614142,8.836291664680903,16.38335798548393
M1274,0.18076448033981957,1.347464762175907,2.08711146322139,1.1409186166844305,0.1767171098470811,1.0447175747044082
M1275,2.704869403594716,2.2765467043118783,4.748077204761444,4.096880948597914,2.0051289726881745,3.603315416059796
M1276,0.7399189214837738,1.8865292965026152,1.3082741438362133,0.5763315187647001,0.6453761394844187,0.4193240040004571
M1277,0.9670279570777431,2.632787278313714,2.0038482344314676,0.7385808957915425,0.7460048961922814,0.6711515732283152
M1278,2.4597124290693206,2.3276966280078253,2.8177277426332585,2.514782899549447,2.3518920942031367,2.5612217019193686
M1279,1.2179131543830695,1.1838113466235523,1.884233253445704,1.6887014002090415,0.9178779199853646,1.4949720783076943
M128,18.09114134683778,25.08868711876624,21.353786141989694,21.34855638049222,20.278582762619454,21.027458764392733
M1280,0.34635803569564444,0.6918113833616859,0.4963907576854594,0.36336112248566477,0.4408491242976827,0.42147752708915065
M1281,0.5114160115844109,1.4309286374001937,2.065231029106673,1.1009574750680118,0.5170885568273209,1.0913912241518413
M1282,0.8699613833196129,1.748887510949864,0.8725151228414068,1.073004407768051,0.5501719539616522,0.8233571650585135
M1283,0.33731634818587514,1.8546361896019796,2.563029854198417,1.8970278357853847,0.6762998865251646,1.705886149004912
M1284,3.1940812896552973,6.8132604525973886,1.1165317416985365,1.421801629125411,3.639399843077056,1.5306450654223624
M1285,3.9047892233753583,6.566463634406874,0.18916250066141937,1.6536989609144017,3.631752950624369,1.8232021809534236
M1286,0.45489273972350497,0.9081893848050984,0.9159161533212417,0.27944715323138025,0.5185893041648467,0.23018577328971274
M1287,0.29293984885470936,0.6011560370305541,0.22520839062713882,0.22732193991823083,0.39692990869553646,0.2525805763348688
M1288,2.638981030345732,2.582584534409504,0.30763294787369866,0.47594963688970854,0.7355330937857799,0.5006797697035582
M1289,0.6220701878541046,0.35159690899614815,1.6191861347623497,1.0244511773460294,1.0695097909204039,1.231195945710714
M129,12.766758383550311,29.82284808614033,27.49607692649013,23.296424592675496,13.439819058173338,17.67686727509283
M1290,1.6617620478347899,1.1269441317166409,1.5260994691304832,1.4461074755884644,0.6827463809480623,1.217401646681404
M1291,2.4227126438645423,2.3097188212031856,1.120036809620495,1.2323230711217776,0.8526696316008703,1.0680139638504385
M1292,1.1850546743036479,0.5675522238386326,0.802808516891295,0.7872732544069236,0.19795043299981535,0.4707233401591496
M1293,4.65686667442154,4.7850891158217905,0.788148729286445,0.8963150767665717,1.652347332594465,1.1113327066392908
M1294,1.2373401480721051,1.5068562430926233,0.6625879459884977,0.45299799024326526,0.15402197010365806,0.4139542356958327
M1295,1.6881517535342736,2.1064468200948854,2.400051749320327,2.1108568762206485,2.250717201876712,2.2539803475838607
M1296,1.4369030075661102,1.928178632536628,0.7240227349003835,0.7927145835770069,0.23841763553891296,0.5494004172283893
M1297,1.9251031389749766,2.2808273052926062,0.4069667755407678,0.27544477292123715,0.4211845343370671,0.12045491181720205
M1298,2.4949088027644404,2.3020700952104227,0.5251286274217426,0.8301839728745978,1.0290192249499073,0.7937023345851091
M1299,1.6549018926942318,1.1798404127903617,2.457488543775881,1.3904878334804436,1.5341741022975104,0.7868097985120656
M13,67.77684758722245,45.32360396406739,34.423638705811044,34.85875897455551,36.33813333127505,31.86033567643689
M130,27.633260496300366,20.75526448126327,13.085431751380517,13.798823348844225,21.949996290330866,15.367223443827433
M1300,2.445526957436518,2.309308224206152,1.1094468917478644,1.2886826232359088,0.9710378799397041,1.1229325615312906
M1301,0.5131355589897835,0.6966007008318956,2.5953089141124703,1.6395748763295128,0.5511025882156776,1.59043666502146
M1302,4.609189279334541,7.136460160875122,4.14933621576042,1.3314646720970404,1.103788634228261,1.1808361332982136
M1303,3.3621024856955266,2.9648257001485643,5.608209225983287,4.278916737647139,2.723667111293418,4.18467273572969
M1304,0.36333472453332594,1.1853657297076787,1.8403620451840992,1.0192819489779508,0.3435806250237252,0.9351682086369786
M1305,0.5439071944518762,1.453178079921814,2.4408113087922554,1.3774177786941275,0.5473829981640628,1.31041124728068
M1306,2.7216524445096297,2.722199311467114,2.0661013887090123,2.2146605943915265,2.603271010135666,2.294361615843522
M1307,0.6352117589946844,1.027041402637676,2.3361539730974368,1.4867888625123837,0.7216472762919739,1.4863655023385989
M1308,0.5231574323529333,0.8252599034490723,0.9326789145095857,0.761004061326131,0.7337628037496842,0.5986714510484865
M1309,0.7123651471687978,0.428329511894686,0.7583828637291842,0.5591027098210626,0.42757272685428815,0.5817968398503173
M131,39.35201322917847,24.124341402324106,10.108660390664266,10.476759324850713,19.666348096374726,11.243257039579861
M1310,2.778222067316793,3.752158142681423,1.3954245463773598,1.2777497855452953,1.4127220904668831,0.8683357643343894
M1311,2.1150403196448035,2.290093617739273,4.272017963461675,3.1985601673779542,1.4710536411239967,2.9696105265988058
M1312,0.8306017248861184,0.34870087590762494,1.6015798592434358,0.9852663724792247,0.9973548193144107,1.1756018410018545
M1313,1.924404910295678,1.609309003032998,1.389322104824891,1.4505579884395021,0.9296198308134502,1.2561559726360187
M1314,2.3036893273715386,2.3077085958262185,1.0230117068582836,1.1553885496666008,0.8530008925807445,1.0098202183566738
M1315,4.661122344691423,4.901652959827406,0.6504435067759683,0.7982919919344714,1.7496236315755496,1.064621852836784
M1316,2.0332354065071403,3.6079108024638793,3.471147200608593,3.230137775478764,3.3277987001269893,3.339282364114336
M1317,1.69066435691543,1.7804508525487002,0.7004243841345001,0.992755528848507,0.5768941094052094,0.7558738987804133
M1318,1.7339769566557042,1.8653402854916972,0.6244825018980552,1.1567949731647431,0.6474342861106579,0.8002650490513896
M1319,3.1089502072529496,2.687994268934873,1.7118218096920574,2.011748643170721,1.705917063091338,1.809668741363905
M132,36.61514477507547,16.537838586640625,13.234969773381605,12.969002709418852,15.460622921635796,13.177680292382613
M1320,3.949346683083187,3.5742939477278677,0.48952278423686235,0.7225129977235952,1.6928450164410291,0.9168152751103329
M1321,1.133748061445071,0.6500100428947545,0.589684051034321,0.530301131239216,0.5561028369351314,0.5576485101573262
M1322,4.087045423362501,3.6018478192861796,0.439109165154709,0.7188210580118567,1.7465479872975926,0.9380554985409947
M1323,2.966944290849,1.9311639735915922,1.0236343467604736,1.1490484386594555,0.9313818798083717,0.9826620216360751
M1324,6.355166338475174,2.3564308793292836,1.5323898480712332,1.7232393148504963,2.3259090032687713,1.7667746551118215
M1325,4.766613940440359,4.450538441156253,1.0346404515652248,1.6712152936466385,2.502726762784358,1.7234408193385946
M1326,6.210230943463448,5.036233789986989,2.228587367272857,3.0718481945132146,3.8548662543414483,3.0492271990742386
M1327,3.0377473582229353,3.705207020571979,0.559364947624187,0.45628936040804,0.7200479768319348,0.42005710465158913
M1328,3.7664302048890588,4.840426281456558,0.8829611333823373,1.4200485655843231,1.8575239191577886,1.3857867690182233
M1329,3.976076481312409,3.3735462792591124,0.8128715513481365,0.97714967570445,1.43417101046316,1.0473158023943574
M133,25.13537563077446,21.58400532704277,22.192291199507444,19.677048632535243,18.193742797291158,17.64070026019594
M1330,2.0401644436031674,3.7276023130228375,0.48578417837551224,0.8386240922085295,0.8716680726065024,0.5021232558768909
M1331,6.4559717172743145,5.7000951646338684,1.3545789363614977,1.3498981980929097,2.8455376122523286,1.8231666791215746
M1332,4.268204698823319,3.611250450028121,0.5395522226049589,0.46462291376070386,1.1560993252411658,0.5158618963023591
M1333,7.5909478863208415,10.039103738368661,7.782752119513154,9.027201839603583,8.748684877227994,8.517505035492604
M1334,81.36036915942478,90.6875078028495,132.1470368400837,78.03777512852304,77.25445209465698,61.9969311898909
M1335,13.6491931132933,21.72062691195733,14.764420692701991,17.094215229581582,17.12038152726801,16.336565414450277
M1336,16.76475787948822,16.740129876854407,8.502631793421616,13.20922486909295,16.902123305900933,12.961107455199343
M1337,10.82652511476901,14.266571232084496,12.852797968826083,7.6639959357939365,15.567041911916782,12.067113575800926
M1338,13.528691806210597,18.018197581797217,13.025869443603074,13.31934945827112,16.555588745575008,14.325879936220876
M1339,2.9872925815837674,4.092230501273154,1.2524823980171804,0.9802450045514696,0.7040015873778906,0.7444072658549131
M134,49.98190586716568,24.21854101999442,17.51395019976371,18.368160766990698,25.02047525761756,19.541429529742558
M1340,8.06460063578282,6.5897219896973045,8.621567443615625,20.679411380814965,10.276051212240539,13.30908505978924
M1341,9.183098311777549,8.698037647555278,8.079893738643284,7.653011459312706,9.680239919883983,8.306102163547202
M1342,8.887503241919624,9.103309627676477,5.163668434091985,6.1204197734994095,6.394343005081334,5.890917010632241
M1343,17.78235444526214,33.607881069791425,47.35679709917499,27.191252648611105,18.13729153136248,31.056696150442615
M1344,18.491899810309487,41.87460686167802,37.0294870450109,20.309408458848864,19.031760217806227,25.69748709308024
M1345,4.776388040807687,5.754470239081678,1.5619203525230527,1.5691572486131529,2.4704172124940773,1.5245744897015214
M1346,12.232399572146157,4.440408411635484,9.691547987175404,9.324393600914739,13.57950410470983,10.864781003272817
M1347,99.9218363204207,66.99214177745694,107.1339864550251,124.30790251221538,103.73464436833838,111.41868311329131
M1348,25.21833776773101,17.548479826023755,94.97855759574632,48.62092607602149,83.47927525744146,41.4680445849299
M1349,24.427739397220822,57.359055386722815,138.01933579137543,51.668188264720186,131.67345823034043,85.03282183587594
M135,20.758845551105704,22.687751347606763,28.37768755855525,19.756569619822255,19.521210700655455,18.97997871544943
M1350,12.186237631600594,12.883296012430103,15.450453126263596,14.779334277153623,10.629785835517469,12.865040992887778
M1351,44.69679588855692,31.875485902928176,90.66398658625435,84.12026593615808,37.458997254482796,81.93235637034633
M1352,1.461566772869215,3.5576226612948463,0.6234105591812371,0.9930465656258267,1.4491599336063334,1.021142104896446
M1353,2.505471125023394,3.58215850458261,1.981386259101728,2.117252111476634,2.3018868654658524,2.129700223710213
M1354,2.3836116520172386,4.745894822019771,1.20659638182472,2.5027558349088666,1.9481640186161604,1.8076043401161597
M1355,10.889905289222373,7.718223281777808,10.669077243493978,5.820963628732741,14.513080981547924,9.58799176565704
M1356,2.2127512532424274,3.476738689771171,0.6390201961368847,0.8774211805320379,1.3729642605779246,0.9385251256300357
M1357,13.248627486087207,24.51109128357552,17.70307477423369,18.302525516291574,18.176110225240407,18.003893073127564
M1358,11.014792141398745,15.94889235821073,44.07359672105111,25.79238337745278,14.799628959323002,29.170282550557204
M1359,4.014651064660493,5.884458745970744,8.810287484430054,6.093090580651033,6.582480146142028,5.089143523954808
M136,23.453504098416754,20.739703829003357,17.454121831387123,16.816366782991476,16.473243674897674,15.78304363324971
M1360,7.695597981846932,12.13196072910288,16.340762986035873,12.991170185740645,10.874404850057463,13.396366155460617
M1361,3.611769971473793,3.9576526312316003,7.868690461059341,5.604084313784558,4.254497298777188,5.750161524523479
M1362,14.903739201838427,20.7157687555003,32.24328454154494,21.729106187766593,19.675580962434573,24.800449626789007
M1363,11.050433167250102,21.39302329199328,32.04566098528297,16.68360166674637,15.191150979585522,21.64797733703911
M1364,8.281602619512544,15.345578213188869,25.95263362054519,15.273063513822958,11.72311596369876,17.707234990377597
M1365,23.83891633641989,25.746720696332183,26.869049851859995,20.3857750381591,26.84404521904176,24.791030716411584
M1366,10.968516549953204,26.20995038944038,23.649634000242717,14.91688892658778,15.673107452954932,18.240244248165812
M1367,51.95953180615922,78.25732794348761,40.03549372513551,35.27127419443899,51.93795206185287,42.81799078277064
M1368,35.12170505681054,66.376459729906,3.1980607254322857,12.553567381916402,34.851789173282356,14.415919852627553
M1369,7.3340151480619955,2.6848394916163367,4.5970343348839675,5.884726285727287,6.982681741221624,2.5281611636030608
M137,16.943474599798403,22.68138362875373,13.766001732106876,16.929037491411307,16.53964244747854,15.00391810252741
M1370,6.020767357346902,3.2077313546457407,12.329909538446378,6.000511285200165,5.628035905885715,4.997029613948717
M1371,5.2376794863079725,2.9698309621557577,4.993955515054626,4.571371085442672,5.166363630867094,4.865714460449411
M1372,1.318417883785457,1.3360016010619118,0.4889110889629575,0.2231616380037052,0.18324473780033362,0.24229220670226756
M1373,1.3204752066103085,1.9851884671391586,1.722678105946453,1.5165254310468614,0.2582225920204182,1.1019760098607696
M1374,2.211831397132836,9.238152683883118,20.806543397890344,13.109628033231555,2.4553281556750335,11.605029176501843
M1375,2.601423200514567,3.3984004964551193,0.8386679196834913,0.45938749106574556,1.0207879919814087,0.14662240140935803
M1376,3.9867047656930996,3.802791538437409,0.3399745962233667,0.42818221496073683,1.3997952187116693,0.6978642328315864
M1377,23.874236559806402,27.655960815584926,21.081121614334318,21.11086533584106,19.81503590980109,20.475727032334067
M1378,28.46201775762161,24.036471140229157,18.9533413116261,18.570684775986116,20.636099821306853,19.31645600521968
M1379,37.30615842328679,24.74653769268533,16.212094684129063,16.40359658616921,15.781261134777006,16.136266145655167
M138,10.954142870184551,14.852553402260526,16.52002703260355,13.68836314361284,11.700389000857044,13.814501060648166
M1380,96.19787050905342,42.68335891702423,39.172407671735215,31.648335325286318,27.453204877720395,30.660792153563193
M1381,40.885836162466376,31.76420607672184,36.137809305300216,33.136425046803794,36.13739286757749,35.25518121431371
M1382,55.44532897475757,38.05692161064525,33.433424289328656,30.7441345627417,28.886810839390176,29.595842814133903
M1383,10.971703982588368,13.711078292631756,11.806198242814334,11.701602411154287,12.604853680022766,11.976888226054022
M1384,20.162075784931947,20.032523905378937,16.705158733394107,15.971386083736796,16.057295722581237,16.195455049180836
M1385,25.56165311694189,23.892839845891853,25.112399881317426,24.901165860020868,27.656013444917182,25.370487455898356
M1386,16.583771048132906,13.978211086567777,11.513941469157075,11.78731163877931,12.287266633970443,11.823071400631198
M1387,12.241555818106132,22.736697595205893,11.066361448851806,11.15343594415122,12.378817792064721,11.218438620149037
M1388,10.097158718358473,11.996358808145072,8.982690090360633,8.777677992547261,8.958351947652663,8.872491365432563
M1389,12.995177484169972,13.576511203269273,13.95480145264175,13.781895374421238,12.900628655601905,13.525019766594651
M139,13.415641251228099,16.64053477307347,19.158673564232163,12.809158771198133,16.022567270203513,15.56135079440397
M1390,11.640409647662292,14.118348024404018,12.47396917398029,11.805199251549363,11.924830147065551,12.054051622749085
M1391,8.477826571250102,8.086407304378389,8.03139509374126,7.70670285661961,7.008037173770223,7.027242448019269
M1392,8.277186466721306,14.740743582965287,8.009354674630295,7.778513094722415,7.1092290209828555,7.627310698591525
M1393,9.582188562322669,11.140478135679182,13.47541365788617,9.149018912084536,11.573488724205824,10.632692476650897
M1394,9.122410292595982,14.538537738911824,8.475112836012613,8.469767797212741,9.246518612749348,8.556833837044302
M1395,7.531056814802145,7.403462147360894,8.317890213072161,8.992009928667375,7.584264187873479,8.066597829142133
M1396,6.592945905690983,8.945671159887352,6.7086973894823325,7.549830226229176,8.739733944314493,7.630411078067149
M1397,6.776554588130516,14.815661498760603,6.92177157645196,6.962434168146034,7.0490167440043985,6.880491371802955
M1398,8.76236382193825,7.9432611649998215,7.347380684381976,7.2748324872499905,7.782458892726224,7.462534252911421
M1399,11.196301447196529,9.77413469661753,8.629328587316962,6.701450968448701,8.441321915889251,7.222117591666457
M14,54.098885256455475,71.31227957848314,50.02706990633121,57.117424509731464,44.27903115022609,50.59915660888485
M140,11.398770572940641,15.984680140416101,20.898862122635155,13.09858471859016,17.849187903065182,16.911144906570673
M1400,8.074785248483058,19.738589931579618,12.641062095177281,11.142985161923892,2.7243252464994137,6.808579713991431
M1401,7.113138529310643,11.997245450371574,2.7181617231741426,2.289206534845176,3.346754084955382,2.0653678916017078
M1402,1.4956994926141467,5.839288815855087,6.348490218177179,3.004771702711695,1.501922800161448,2.7242259510518525
M1403,17.54716489919785,29.50038872314595,11.265596552651548,3.570689056412458,10.485582354770806,1.7393274658669522
M1404,7.005454980530057,12.851992582884234,10.295718026930656,7.645324884217636,0.7307807706506424,5.836182913287509
M1405,20.700166416034975,23.600695131602734,12.76958779804306,18.730542239739865,25.87032053861516,19.35653373153906
M1406,9.546756490469775,14.372035793155142,2.8940276232730264,3.2243512673973167,7.771134695951488,4.664800414121881
M1407,8.30075779881379,21.315218206146113,27.380343419375098,4.067095849036645,2.053375020154987,10.041071199500493
M1408,4.139581952514053,7.852228443677079,0.855678769129995,0.5836897572900126,1.5498456719545883,0.5799920451969981
M1409,7.571854857513868,11.276796837517123,5.851091130159429,3.759598107694246,1.2073798440228913,3.473078747714387
M141,26.429553971561415,14.033137655548982,24.46974513439986,17.83027715679832,21.91074617805918,21.367056270812682
M1410,12.605575720990814,17.01305687216468,9.995172604787841,10.262175478033075,11.347451544059533,10.462545114582893
M1411,17.881996491701287,33.213600354631396,139.11266197547872,44.45274201731464,57.5792746047091,81.29580367818932
M1412,10.736018656796716,16.24929782155661,4.782827723617822,3.3271320645155567,4.862955165013094,3.3311397512666567
M1413,10.113730600777602,16.588135753421877,4.653742283306382,5.750222734169407,6.894281076942921,5.773365324295717
M1414,7.745279468369909,12.948906933470592,1.929139661094709,2.925248277699569,4.574877840307011,3.1561595300519687
M1415,13.305295614008879,20.080961150644796,26.07102212698342,10.943890527428005,6.382656359490545,13.919328154160526
M1416,3.7246053377010124,6.288144690269572,1.466899870863043,3.658046507249387,2.514164010036278,2.5525589475855823
M1417,11.392077516981102,25.678619181515863,5.870309751144968,6.451126576530521,2.1255542617854424,3.777296824903253
M1418,11.488946027983292,20.8613079878188,6.679365330220472,5.5040595071731,6.612589039535221,1.9521673239493833
M1419,10.948479728034036,16.848177041242543,3.3993880782962993,3.61973689196787,5.234132471450786,3.0166241759094503
M142,62.04759413717434,29.733659512728813,43.362301854157394,40.89897814826369,31.951083604680743,38.98543678425127
M1420,5.056871300968431,12.445359125999126,4.364812183514027,2.8371108526849564,2.7713705593229827,3.2333092238146883
M1421,13.816913344774692,35.73316613836356,95.39177032717627,91.1376627426763,4.908538758670784,51.24632435108435
M1422,6.4766221783078635,10.165278808049798,5.614213905300691,6.960944766357867,6.288004004652016,6.292308399550072
M1423,1.3770562189249316,3.061547090520457,1.2820802395645794,0.4580203858350941,0.685936183006429,0.3400904911071724
M1424,2.2243477228247,1.6778067616460015,2.4753863005890704,1.1735003280105025,1.0643924930730317,0.9707813997380743
M1425,10.02038125152882,21.717366270028066,10.858453912343547,8.911800486462498,2.4172637025924373,6.8263481429221775
M1426,10.998897255351837,16.387171664363343,1.648280809274371,3.7956348656101784,5.174191632908356,3.155642574825752
M1427,2.1402406300403807,2.907156066156142,1.8117301245898356,2.1864879699123674,1.9924700363647314,1.9817540455461318
M1428,11.046340157323089,19.012961827985123,2.692432970079814,1.2035450845107512,3.6390066787025392,1.1113746261776218
M143,25.868684620286853,18.955312369439113,17.1703690157526,19.10543097441355,16.632893654172733,17.27922997962027
M144,21.192182975950995,13.2103614905655,11.900893707658728,13.725855787471358,12.926895831408764,12.817786397913322
M145,21.70841537101635,17.71722410018869,18.757055416932516,17.696486373634738,16.496762743008084,17.68525111527317
M146,23.415977313732924,20.925104086150316,23.637304699732493,25.559665156107574,19.737324558192004,22.71984206761067
M147,27.455678765546125,21.78281752761904,21.597569945508717,20.384603162747112,18.629625930988325,20.279137815974547
M148,23.285027343822254,21.222704186974866,28.086235942057684,21.878846318447227,22.931483134934833,24.331289179511494
M149,14.753986125257159,16.085143106570424,11.877900863403589,12.10391977232121,12.827743980181786,12.169711514028997
M15,54.68067626242239,67.47461785497666,46.591006669746406,46.456222774859015,38.00083389594423,41.97022657869218
M150,20.47224301269625,14.551280957229254,18.087998239672824,14.407756548099778,14.957147085847119,15.391941793485453
M151,31.962737625082323,20.830028375273226,16.648973118300503,16.595613957964257,17.71737598127795,16.8704708013724
M152,9.426272500520177,14.08884112295215,17.521629504978524,13.995812281481088,10.015268276664164,13.284128876202121
M153,8.480676798377624,12.124973831883178,16.95648334318132,14.276949605836705,10.480505158575367,13.485416631637943
M154,12.595589072686511,24.609659546349995,11.971773376219295,12.341289460487312,12.785217107197218,12.069551817586131
M155,12.203931776149165,20.75321129899409,19.774494642556792,20.628814605626342,11.987893689545723,17.59040548053408
M156,9.124184492126126,18.9493232634588,10.682099057187209,9.498992360279747,9.020036025575962,9.52593895747697
M157,8.250733125136227,13.642515856522852,14.437415280152855,11.626616301261427,9.227367722050737,11.792963180849668
M158,9.193555683577076,14.338531432591786,9.77923116581736,8.675558000528527,8.423298537476187,8.13504829684863
M159,14.611493977776364,15.5171992975349,11.864438993341986,7.633858851220798,7.475577161772843,8.56973231609889
M16,67.4578633722043,59.57884601709142,49.979142591522724,42.11625798637021,43.62111379449354,42.1262580279104
M160,17.741925729161906,21.532098600866615,17.322051183600532,14.510263062210482,14.904792141279607,15.387846710252896
M161,15.489993138809261,12.386610091977738,21.195289163010404,17.056890532732762,13.024324004077762,16.874396284611088
M162,9.416652183093909,12.9338088594902,15.108812432703736,12.498952281798372,9.527016612852576,11.88174665524672
M163,33.80777595307347,15.395078589236837,15.1453002488308,12.936825555995654,15.33216254515633,13.94604505935336
M164,24.993640530972105,14.470899120625738,11.249723820118653,9.266389168160009,9.481536523713944,9.278655655457047
M165,10.859526173310524,18.086590629974616,9.140280901270781,10.339113789112055,9.560172932309264,9.455893171746812
M166,18.601361992472594,17.91442684652892,9.732796461943005,10.49415738091701,8.542551140737002,8.577855143991048
M167,16.890814389191476,17.528331407666826,14.443765080802924,16.211812237846875,12.397987616655998,13.551502893776597
M168,22.898556464008784,16.737310930829196,19.013738155617077,15.459859532452874,15.412056063667913,16.15450742628481
M169,11.239899475119593,13.94512925879427,12.197101890745406,10.88009521250666,9.74491532254588,10.554356968414147
M17,43.549640538727644,39.8969904846239,42.00031511768725,41.589500862375644,41.094548946476806,40.80921118287179
M170,7.110912868777714,14.547183039066637,7.886952931670629,7.966577404958752,10.526176703572172,7.745983299225555
M171,7.082003290231293,8.847159097785433,7.596095382701378,6.917268190684344,8.069455338720884,5.518953890402114
M172,14.369496018631228,10.944243102265201,9.964860858963624,10.391226174187976,10.204820374787257,10.074721184419946
M173,37.25126404989731,27.047174668645795,20.589353027021097,24.29766353291063,29.63418837323308,24.488473734588005
M174,16.04289816376564,16.813349284621072,44.07114671135076,18.09141068441852,18.318627247196222,22.505010511488038
M175,15.93895383499023,12.056269120780943,11.122434911208126,11.78632049860765,12.91307344345805,11.466449546356428
M176,21.155759063452575,14.620065345899198,11.936998379944969,10.756670886596346,11.324663331198225,10.542573337029818
M177,13.847746705359935,15.462126582828338,14.307784889592817,13.937035548118299,12.285847554375323,13.139471334561911
M178,63.21786618595094,35.26714536154032,24.527357506361824,31.69992791013317,34.221621991441275,28.097623218066047
M179,31.051279175531988,27.906746399807496,42.86693729327669,28.65291419674424,28.278983795896252,28.83628791168692
M18,45.690749253099995,32.13723392787388,25.128741674393424,26.849911239850165,26.250185465659058,25.139455017532274
M180,28.144272696053964,31.501249877734324,25.907534978608943,28.479643707227055,26.630851125756738,26.861242585137706
M181,23.667014807676257,32.892239873601405,25.84157315150242,28.65859513493819,24.060368378937717,24.746594631313158
M182,42.92848157351651,32.80454451848671,42.91501641796476,31.802461246241567,29.229115106282993,30.30650209909076
M183,69.75325895236045,46.96660734402667,36.378359636975475,35.939751468605905,44.43617890637751,36.47214150346579
M184,57.957343189267334,48.02448725398876,49.80361045599385,37.80534690042198,35.39331726217373,33.233218728949346
M185,57.51069617480875,48.21397070908541,29.86622955141755,41.6448185441437,45.59630823071561,37.66146198955304
M186,57.49457224957265,42.89448199168267,32.71230489396554,35.87352484862253,44.55344651639416,30.146930585702155
M187,64.54276881016261,46.63947197600812,28.587525474686302,29.847143708541164,44.04339285929819,30.472488674379665
M188,41.526894262452515,39.0368447514142,37.658022815939745,31.16972081956886,29.855507143781526,25.083591327751883
M189,32.840030414929025,19.574344988752607,19.03951981944828,14.566359431996439,20.694307025668635,18.03372520175003
M19,30.519549656541603,42.93717559593617,35.84080121366608,33.8670961783822,30.658570250368914,32.87927303089731
M190,11.021321757474109,16.211671564587842,20.42781684303665,13.640202010577635,9.730830361141585,13.612222659015332
M191,10.686169154061979,12.90151861307722,13.692372369524211,9.971590489487328,10.555974380857135,9.494044420554124
M192,8.056481766900022,8.95261957844225,7.430579050542925,8.848732404808326,6.845778349673294,7.653127585240516
M193,6.263213131444768,8.175333994626135,5.992776965382183,6.13630955255565,6.157653187497496,5.984050633558706
M194,9.280164255624122,9.36472319077937,7.866223794457358,8.209729437155561,8.296658120471712,8.12659946453151
M195,7.618569192594157,11.602498964174103,7.7624673106887325,7.964133290435468,7.85788065441876,7.818753518233156
M196,15.044799413054989,14.541018967396326,10.55210149681159,9.9911892884759,11.909676750074597,9.852113445673284
M197,10.9076012812443,16.702226823050474,11.941226823021788,11.67714776192681,11.120707055821002,10.103461007367732
M198,40.069523931888774,26.517720164994873,19.524727863707447,19.456429876438598,20.250471048962066,19.193081157160123
M199,28.159558353347343,25.158182637578467,37.25679451415953,19.877151263352687,18.526385871836048,18.32768624616308
M2,63.329646598480444,61.89275871671516,33.09125381332661,34.02034223897318,35.302941590634845,34.12697199070141
M20,24.96330570438202,28.201226187608242,29.133007593534046,29.283597746498103,23.160628864366753,24.909486923624222
M200,39.97362477150071,41.499617268524716,27.854638896600466,25.98803402132343,23.678957189815225,21.67840724594565
M201,45.95801615059333,31.897062803608257,30.25021412115039,18.454493154879106,24.1032950182144,14.569234519948326
M202,65.95842184565473,46.32460013557186,41.34770428347731,43.839026767814126,38.841129629023996,39.75640931559074
M203,61.33351896414101,42.07637077026286,43.09506964079631,39.34437563426279,35.85586173287035,35.83049318620712
M204,71.91121090098815,46.54992791022153,49.446514514968335,45.48443335324288,38.01714228116637,42.636179848558186
M205,88.41785892478931,49.41866556928555,48.02704361679319,41.93437015635448,48.98117135853357,42.7357530087938
M206,30.106619002499585,29.776143982824358,41.057507818823176,29.813964928519038,28.544708571003817,30.728776859999876
M207,68.2280178133841,62.506035492953146,55.488647564453395,52.81919539474428,47.76204507262079,51.405734340969246
M208,9.030968204235228,17.509643433865946,25.308563038083904,19.127580662213287,15.982572763800713,19.803174924656677
M209,45.16369495039748,43.3309209528672,45.5440155853619,46.90941225640076,42.79319474641657,43.61105289201757
M21,29.56158261113031,31.441726627402375,32.90147290403972,31.541984677436922,31.88269397042618,27.54429069233297
M210,73.48095807010874,53.60385329952471,52.32434576472011,53.81439178084883,40.639424147735134,47.812703080489314
M211,44.531465747179,38.43827420125271,40.38667459833723,37.41593850862958,37.37599559019826,36.88461372508246
M212,12.035829766717173,15.45951661875204,12.778901711681245,13.034255512125947,9.625079818774118,11.711649278360888
M213,56.238607836368985,73.1501527572107,123.29975732883086,109.71920945755384,48.01278338407776,87.33318119268023
M214,60.19525765159248,24.46335576470054,28.686269579758964,30.429882964356384,27.51971878246913,28.003711874317933
M215,23.56864728099995,25.468530118188223,23.457271809604126,23.851489640401255,23.071763728244136,23.162898952959267
M216,75.45697699151609,71.98538512315804,42.483686093838486,41.316823276192785,35.09128891653622,38.17189509041679
M217,16.883376677807874,15.197817377504938,16.215855505436924,15.813183944149241,19.006775888655753,16.78110553441142
M218,11.410510641281522,17.041554289019437,10.681249516611521,9.136471827443396,12.015346154095624,9.308621565279918
M219,22.682271083087638,13.98339087013408,16.009809856247294,15.762762052407286,13.745819665118301,15.032514935548555
M22,44.10192446513976,53.396422411284036,86.08441687946421,74.41120630450935,61.36214953376922,69.11859834287611
M220,36.27684574320733,20.858604455430104,24.135377610984442,22.661936754465568,16.81849926688875,20.722051324312577
M221,54.302315512532886,34.19754794211711,35.76032901063133,36.67417508694809,31.44731063869303,34.47327287647773
M222,18.064763705885227,18.792937906942015,12.640727648558322,11.886927568692037,13.346132919107795,12.597109816458717
M223,57.94905303072273,47.41431750421808,33.44775045629078,36.35342517679757,32.46124985274923,32.35087517980144
M224,42.2714086088299,47.88474117822812,39.76518553923024,39.815130244987486,34.453767362031805,37.692392235587626
M225,31.69164315517649,48.78546003996476,42.19835944318579,42.525920167015734,29.685094310421213,36.474278733325356
M226,38.227024961356534,33.205458045573856,23.546681249840333,23.477547525053957,20.548025752545314,22.551381414743346
M227,35.34467777963172,61.72040908661537,45.61189088630369,39.915877339540366,31.98843675953993,37.35298341431323
M228,59.08102257247395,52.56325663231542,51.465039751091886,51.31547690880405,45.28659068053201,49.038689653616075
M229,14.438823711926469,25.261387467930938,29.47757292374858,16.827852111518347,16.8556347819024,19.475551924047583
M23,19.040547010211768,18.775207637898703,30.496153428795715,21.272056583981943,20.162250904995865,21.273290221174594
M230,32.03000688980471,35.548280247071915,30.384419123659555,34.87034147964323,35.19353965189035,26.56561138700654
M231,116.567038866175,61.168040195630105,58.59759387905673,55.99875280045162,52.27234883776607,55.5599297719061
M232,44.01316185033103,55.92633757513781,39.245130634150485,39.918077090810954,37.38475379774715,36.570985198034585
M233,71.10975764773654,53.54053464909352,45.98116153235836,49.412323159640515,36.07618145536307,41.719284809078886
M234,27.532066648928176,39.57543387482329,41.87002057119191,36.561717009940985,24.049166153854056,29.75215712410295
M235,53.74814455130469,50.02006697166095,61.91754789494809,60.03212506416745,46.77204913629663,56.51341551777688
M236,77.88004386322945,47.97282073170813,47.72426967339853,39.032103507371616,44.23776368085765,41.35065520334225
M237,42.197296772422916,35.99717776540958,20.09908757547528,19.32517008820973,22.58766737408297,18.959310424557504
M238,26.564665247570176,59.55577723901685,31.619677344343263,30.768221887589927,25.789230718544076,27.365724049030167
M239,26.253939870520853,42.09485105664407,32.70813799871636,31.46986694146795,23.261906252013592,27.108613810878527
M24,48.412485519621,58.563660878724036,86.05567436046738,58.75258333133539,43.46919736666766,44.73006103553491
M240,38.20114384053002,58.62014729738329,96.55445157431848,45.9842300693546,52.581019400013304,39.571832209296424
M241,46.59159870546179,63.82761439792854,54.16895587052156,53.69392362554825,51.57813990071523,53.31152370859806
M242,30.098178188417517,39.98466200896877,34.439163754249066,34.6675088248515,30.447562250451703,31.71829002585566
M243,47.87605226135739,35.95670202131859,30.81659624973351,30.096616239472212,32.06468904183869,29.498745752491363
M244,29.65201454355164,30.483884435161215,26.59992782554886,32.711302103187215,29.88097088613756,29.736518548513054
M245,44.64020757905674,37.72194728826265,24.24191906812122,27.677901683291093,31.48637580827798,25.694563468920123
M246,45.017267298406615,40.133657007988845,32.35671720940862,32.71988012109353,33.79291298980985,32.79434112552545
M247,42.545702873718795,25.958025145496055,62.232065035409214,59.44431704278486,15.811095184388035,40.155299923640236
M248,49.11181153734802,46.96854680431967,32.93681689805003,31.164685939156293,30.350989715542354,30.70818123113933
M249,39.981024258134056,21.856506837812734,21.12091587324748,11.317704088756457,29.49500540002908,11.424906610132748
M25,26.800269505726437,19.146458256391888,27.390381929655664,23.65297195371208,14.721780999384602,20.611375178614107
M250,20.2643560367388,37.570190802582914,84.56169764393013,49.191880813407415,21.038453301335526,43.81095032715994
M251,12.984965316702223,16.175952842091228,22.784860894344796,21.258304782978495,14.620106907214538,18.909266888516512
M252,32.794137062485255,35.468292226394844,42.96104798745122,39.05123489590742,30.97512265276718,34.87186147791117
M253,23.222292900741362,13.280710496621628,11.061192613307872,11.580012315735495,13.144833559422374,10.671009509556331
M254,59.96455580971932,36.332616613974615,35.06731118670406,34.45205200463625,31.761309562433976,33.5195106939643
M255,47.02369179863795,31.047682726725313,43.97560322200994,39.746298215824424,41.62543926293157,42.083095237230765
M256,28.448452103542383,35.401545527494456,21.752380785844373,27.758809118302803,30.849803747039473,26.45084903862468
M257,28.126977403592882,33.39274211101769,30.76863657905822,30.672694549362152,27.40394827463932,27.533648020459037
M258,75.06091123468178,52.1004563456583,63.71362217204441,69.7975601438278,56.055232130812286,63.388656676656446
M259,28.518945801757948,40.046106315274926,42.270479308679285,29.21045930638112,26.868112783843607,30.193523724873753
M26,43.18870051266734,52.03801463739976,52.67323215071732,55.6112516393739,44.43819013659007,50.684476701253885
M260,60.01886658441486,71.83571798510192,71.46663006528723,67.73212431416219,67.54003435000544,68.92188328763442
M261,22.53430649657646,30.67990856524795,26.18311913264531,26.02624502849381,22.852293770989316,24.710934843170918
M262,21.11750951381713,24.7886517560422,24.092382329972665,24.95334063286252,22.44041395226899,23.590007104661666
M263,15.578518558723223,20.97031749133301,26.122498987916824,26.128110259239445,14.402333566742376,21.295579429940062
M264,18.46253884125497,17.587546264794764,18.546292512291405,18.844609939368695,18.44550075158379,18.27484895708149
M265,33.87271645474265,45.61674164647329,53.91574883045127,51.44242631745544,34.485500925111836,42.3931183015097
M266,38.55732854327465,45.989377659131705,51.790667934996655,48.23114777849164,40.078778769379326,46.69679466168707
M267,27.99835927818756,45.873297429675205,37.286576225915454,37.2327786627314,34.52580259622381,34.1378124393251
M268,23.700833907483272,37.51333962746253,30.92541786945335,28.187228209383,25.673421283467437,26.25900382516991
M269,19.02254721175157,16.272477177901397,17.026621453104905,13.699932600185782,12.632552533786535,13.51638630723338
M27,31.248931394515857,29.656102817360622,25.021880475967038,26.5823930444039,18.471853890774955,22.864691123514064
M270,18.337585410498747,16.83464268892034,18.253707690069277,17.88128200495008,19.624162912811485,18.595908587403457
M271,46.02034955885589,55.294176962463006,49.25413297162137,51.730122461523656,57.12864675062737,52.41386015180247
M272,23.878811008919456,40.51057548867646,34.28603097040193,40.55702602479779,31.896805666761267,33.80262938156423
M273,43.271300920610905,37.65253145324892,27.89524103908722,28.180407563610814,20.645249914836278,24.309103948346074
M274,47.0314516418404,41.61427780564741,27.666360488071504,30.13509766411711,26.82517729712195,27.049780999866037
M275,28.617242320802738,42.89673966428528,35.99105009625652,38.47097108060586,29.219847600372045,33.39801446879621
M276,56.426973684829505,24.605005840610417,159.12012516759293,159.39586600409697,41.39031947439984,113.25353002861549
M277,48.868557168120354,55.56525174760034,48.46607052489401,49.827009382005066,47.2435997600302,46.29823441292997
M278,31.395173585082905,32.2507360101329,34.43159620199277,29.535372501235695,26.629412922982652,28.686111325318564
M279,43.86186065052348,37.360155833054634,84.75513738669525,35.41170361537988,28.20865560817485,36.86042402021586
M28,31.86943542884235,24.54891088011263,52.22873981414276,40.298600594906084,19.177594837089657,33.768036228571965
M280,35.24255029224068,29.691167064075778,25.642026056329083,28.494531531682437,26.390304822894027,26.555635631030626
M281,7.109107167167938,6.567728505956193,7.090580726537273,6.569056495618913,6.621082792406941,6.715360235325587
M282,9.00765434078627,7.457989940167788,7.215075317552853,5.799515176394236,6.837516597390657,6.2695918620449005
M283,6.249417640468385,6.962996413714517,12.830554779045704,10.414001105010861,8.053674189231762,10.262547671379048
M284,10.826658895592569,16.373469273318232,42.18380972748583,25.30352126239657,15.835471201654173,26.696665718352207
M285,12.624820426154564,17.444479677850076,27.360233790969705,29.73993789145198,12.685218048185508,21.079605308773736
M286,10.595319311492165,14.483728622067762,23.38275648139048,18.911610814600774,11.097501315072073,17.196575464154378
M287,7.950080837167167,7.497163321823288,12.67664570344575,9.94549408900413,8.009153461828141,10.057481457321172
M288,43.193351990092715,32.633112222456674,63.58339903053762,49.16248202836329,28.86885031013282,40.28050808854218
M289,37.03777820737211,43.23711376761128,63.79923239968767,62.01025586715619,40.26706385373975,56.507832290823494
M29,12.985742662713294,23.504156968252335,16.905815549873246,15.367832540546845,13.935588075139108,14.173209681111441
M290,34.15777743071193,29.490057071340473,108.89055340749093,44.4665333758787,29.17845855675769,52.672414297166846
M291,79.88431776484268,58.93874815525006,83.5372330582316,60.5670949873179,42.49101414486651,55.777410636283456
M292,63.24552176612182,51.636880904941904,80.48695080422597,123.19808289624396,25.281728637801265,76.08067325534583
M293,52.09660581172059,38.96338052547902,32.74200813326353,24.764582046573423,27.496794134929015,24.806098339930642
M294,26.758412925133054,23.58336572980856,96.08168728903372,51.044759680985585,40.31637014075563,58.35941535317362
M295,25.531839490656246,32.87617582695357,67.08799282157759,39.133928492642575,26.117446581591437,38.570467905346085
M296,45.355681105323264,43.9138104178006,41.99126536664525,36.59610722337341,29.58156944310881,32.53935492956123
M297,39.139443136800494,38.13334420319003,54.92041617728655,75.13285037756296,26.128325313096628,49.45060437520627
M298,34.77566498749179,34.23106895026753,43.01537775017826,70.42996057230795,25.5546942373043,42.34479100411554
M299,30.49414762977831,33.395415514513616,95.0473030068307,77.72667016206077,24.482811919443495,67.05020446123785
M3,25.58910399318439,35.729013430587855,29.98800103592831,23.72157087782945,29.51026068391261,27.203775592916124
M30,26.624540880871425,29.849525131033293,23.399362134118622,27.43903651066084,21.262221657803384,23.00556133184175
M300,40.13645760297548,37.40351363155924,48.52549833618247,49.06383251630467,16.740465693803362,31.588068082383277
M301,32.94478935879911,31.611544187572672,47.00851135515809,53.04843757037749,25.354405970043015,37.09635003058626
M302,38.444510428197994,38.275733164809736,37.91489507220469,32.338797139582496,27.44804811389126,31.278773990054944
M303,40.41487437541096,38.96533630043042,129.82434952187384,101.70481092471263,28.164909106130136,93.23225136882742
M304,98.09326173981331,105.400605910886,105.80133638425399,104.6223343513806,103.49879763800953,103.34306192026939
M305,34.790148578005976,29.233072751043025,25.468678262167725,28.209032381091607,27.878263259696933,26.45862495052173
M306,30.2583808175153,45.955346760825634,77.94987571618734,38.21535859722477,35.08466433357229,46.782908133557044
M307,24.985011502038184,35.9990854345648,24.11068213233577,24.79620355257326,27.552315542295588,24.6476499272675
M308,30.126513335862967,28.50959170604068,18.125441345861034,19.92590548020878,17.913253278030737,18.360475582781877
M309,46.71265875447841,38.47969089379173,128.24227640842756,98.97897013806002,42.055526414697816,98.66610199657634
M31,37.610543386580645,66.83845416063369,67.36667232885176,49.31764557150153,34.32459215020155,42.682995941061385
M310,12.573778938031985,1.613984660651627,20.998275389202558,10.74696747837294,11.632021074575057,12.913766827917001
M311,14.912671561884439,4.519969389565285,8.324010882587332,6.6522628213238875,5.785941188020002,6.303105611229368
M312,5.635117607563157,5.2637451544962985,4.059876398313872,3.823494661655619,3.2093821614709217,3.626195291989198
M313,25.87267885875873,13.954299294665741,84.85850554071027,51.459930513118785,20.804933100123606,48.01610150299266
M314,58.1599409448499,15.15248497711693,124.73468499346603,80.41573989318117,18.203826951647073,75.30562738892401
M315,21.33694668271344,6.598061771794017,7.472605896701442,5.783231118136278,4.665979887495363,5.5972773624048715
M316,20.081429473566303,6.403020823136679,20.307330767708958,16.681324314962524,12.971712439977239,14.999727631351412
M317,30.501686304978737,10.543387861266464,28.04274956228708,26.216119251021727,22.401260890613763,25.0296751248462
M318,9.810481834271947,7.484874469198088,8.16115675650602,8.401894750284368,8.653823693122286,8.364371853353646
M319,3.2035096167096997,5.2010802543665475,6.21417957434593,4.045419467387504,3.541980665222809,4.422890635179068
M32,77.59676430817183,60.261498906674746,37.70961231863863,54.3467095582699,35.776137132651755,36.15859005786489
M320,4.0143955494233605,3.9839533501262725,8.702718341347719,6.126858054542388,4.822809025268241,6.316328417054795
M321,9.37522335449375,15.22938429838053,8.421587398403851,9.358440009802527,8.149175202802958,8.477764106947888
M322,3.5716632086446847,5.565680625897607,6.497424247960172,4.931021195576194,4.736222622555612,5.272956665941241
M323,13.896350636833038,6.680562393038164,9.599626723790045,17.12286196570217,7.529924808234812,10.56667599799356
M324,9.213817085353265,12.027901767560563,16.773784437195157,11.990745033954562,9.309222956855267,12.276450256179093
M325,14.914175744457927,19.826793979279728,16.93308546065827,16.416183664525043,16.459908996546407,15.662385398636935
M326,10.701456540732234,11.792953198638626,14.910791214570988,11.518029327981672,9.948780223325969,11.914137399913564
M327,9.592125526136766,10.59416233787736,19.83220803505304,12.765554497394625,10.296764848215279,14.064429928580644
M328,46.39596134686994,38.20144994324408,73.35528972208532,65.64421479589785,13.291874753867917,45.36242536606403
M329,46.814040840348476,33.998383584405516,78.24111271712093,39.071466858249885,39.34626783982953,37.2924501865676
M33,43.33521196679292,31.2645222451541,67.58310750397715,51.13116321557824,22.09644963364246,39.37809145126315
M330,30.41015754051178,22.567664652504867,46.02260091641759,60.006532007746536,19.47270017773105,35.69496756724729
M331,38.36422962929279,24.346589991683416,32.84662376023568,30.860670403010918,16.70686250907163,21.77403897488215
M332,35.349723906786465,22.579673380983962,52.67734145857432,71.86903292284882,19.576550025934083,36.22338975970754
M333,18.999472363359505,27.734304154827328,119.51055018400669,84.93452301625575,21.75218122335544,73.8093772037133
M334,27.070075515253563,36.64239193588461,52.87102406192791,45.45980007103635,25.254733578665764,35.60940181225001
M335,28.403935105260146,33.977328570921756,93.76666249083397,47.498644775637956,24.431408116760824,46.367710165995554
M336,27.553606343370113,29.872189890491573,36.016225224274486,34.8009784623032,20.095602013875453,26.820974199158556
M337,54.25363684588265,28.20429844513203,29.801172622688608,37.83791553008671,26.971253347827368,27.213189206420278
M338,54.130567505525924,36.873290141000375,146.35211633117768,75.2920698597187,24.4895119042776,76.7735265916363
M339,33.807538479043146,32.53043489984628,29.01207124484496,28.135399506627998,28.705165496588556,28.62527708532595
M34,28.37137673154139,29.080736738050064,37.01145095631645,33.62039091874331,23.96186752894655,30.30701576491468
M340,42.86371702964407,35.934667564036175,79.84306738541329,68.41304203538851,32.34465301556551,52.60865569975854
M341,22.694908466309585,30.752275422936677,29.0860773467328,35.22700650552846,19.26645563473328,24.583748807514908
M342,26.295749744289996,24.112321736587724,22.53622593296458,21.989131223949077,17.53019373425033,20.357130589994405
M343,22.781895097020275,30.44798242187437,108.20756877078257,80.08249116421169,28.342895257237085,68.89791109988181
M344,31.6745590607844,51.01042641488114,56.02271510307283,55.562395879901004,58.42521550390242,56.900871426455296
M345,25.69440799316942,26.626698895077062,21.886270133530516,22.525133093704593,32.1310569410902,23.169053377859264
M346,46.14307757499982,44.911315825849414,38.11136673266893,37.575743268022265,32.361030489139296,33.94923578112778
M347,27.199328070794927,33.3213586181279,95.40932561625573,64.5984464708244,25.855230701732452,56.426756964287165
M348,23.64822889436257,24.385872902210906,16.63847714579196,19.761417954847406,21.673946753152833,18.758792018842605
M349,9.656867650256528,10.792211244096583,28.984737267539725,21.85005889861318,10.809188941462955,19.70822177797688
M35,53.644031775064406,44.75010755191758,43.31167751773993,36.674840819891386,33.27023693963284,33.0455960817088
M350,13.317390362770766,15.260718980846349,25.011589581832045,19.32106751064914,13.40492171290998,18.320574237134892
M351,15.727927212872848,17.05607915248395,18.530686461127285,15.539278115313383,12.944505551420567,14.294544264897903
M352,21.92374598736582,30.4498689877313,93.7090014688499,37.4488723830866,18.854168983842435,44.386505863349825
M353,9.364677267824753,10.611804206950255,13.864327543264693,9.48838786526482,9.078444907179065,10.37862698982075
M354,15.519057636077996,13.900847821387849,13.08570858867224,8.749332415741957,8.208023806715572,9.824543903876975
M355,12.40768047811768,11.990265764149097,14.452896831999583,10.851881264286495,8.699816747994369,10.791853150199305
M356,18.950293450747647,25.47736620440564,42.61708040469726,18.70057320068452,17.211917836035273,24.06603329508923
M357,10.667278129738426,11.023117906899225,16.71872795765005,12.81451600572683,11.935494882510921,13.221934854483786
M358,11.534299316783075,11.213508370065934,17.57491223251752,21.765731334029713,13.001697255263375,16.998728834095353
M359,4.649103602776478,3.0525898476137803,7.043803604732852,5.724294567609978,4.839061759014248,5.706110555077649
M36,27.23512244618595,34.077608599075056,24.68770456532014,25.097287323616175,25.276818647345358,24.74101973259772
M360,16.018051215456026,14.895170502935944,60.6492859082051,35.75889888897459,16.765248667009292,33.36508835952148
M361,15.151997715526322,18.012037594538683,29.210520416839397,23.831071628604903,14.705196720153534,21.789151986266198
M362,7.250943303138996,3.0799105362001957,4.1494790748450825,7.083488915332086,10.789794635382513,7.12324976837213
M363,8.432259946190195,12.00831682968703,39.99032074844679,20.768236447544226,15.59447828145749,24.298809198493043
M364,26.34312484037369,24.76834520146027,29.0216258615432,56.03483334444069,29.72711126261741,35.05275112226827
M365,8.579795343511481,15.926874554249167,27.361104408495358,22.493671265558746,12.368169358239541,19.94898244912835
M366,15.179440384388379,8.30705245890339,21.70131145809542,21.87286751387215,20.76480874751143,17.212857236298802
M367,10.4861871587433,15.083018932005615,30.145565172194818,17.28685948437174,8.111468903695929,18.386605115768134
M368,2.8348805163217916,4.650918534776568,10.966245899130687,7.100665421232268,4.203395600155594,7.013115265199817
M369,10.55393857093408,7.713473432891498,11.280059610364773,7.847201288420499,7.761390995971474,7.876627628649091
M37,40.246520943558885,30.44196218259691,29.016514937480363,31.891821794506914,29.267505506126284,28.331575896088065
M370,6.09070247381838,4.653749845385865,4.5303248132854455,4.54965096868715,3.539225768936646,3.7797369699663523
M371,2.2269643701865185,3.7799995601491094,4.237357398354709,3.5445466389497344,2.8139045798765134,3.485802013850228
M372,7.506041632085598,4.987547839569596,13.62927455384452,8.558047973300955,6.4669795449075,9.446639902460257
M373,4.951238957488864,2.773135580488315,5.510416779138056,7.792189764449759,6.1394652880239295,6.419481952435586
M374,7.432038643168564,5.924928484974797,10.36637709927122,8.996294005310173,7.599311729665871,8.627776412885291
M375,3.191385181501916,2.9008757096829267,6.98948371904166,4.459622887221113,3.3766099122415083,4.874084013957982
M376,5.292167949677257,9.336225868252232,14.032094078172651,10.372378335681038,7.819438786885771,10.63193343964197
M377,4.559667331944409,4.972962975238961,3.598425125755685,5.453919964742378,3.5273027748614263,4.003622648130362
M378,30.555928654635025,25.993293123655402,90.79349729151767,71.52739763708495,24.270685148799465,52.782778666982296
M379,42.926933543888744,32.0095513464107,57.60985633548947,41.25610859566645,25.945402666036987,29.979754815349914
M38,39.97103105612672,52.280119720425915,39.32209470124771,43.83684835891867,32.86499583347965,36.45393942621115
M380,55.17297922955628,63.063864582035194,43.412912050830386,43.834096525395026,54.107357550826876,45.79885663221757
M381,30.18856353940653,29.162601310311352,26.6981497489892,27.388313775577743,21.86249691522771,24.847521267551343
M382,42.48394100628059,31.291604335182797,48.76647766942144,43.574354749852944,26.152061221232017,33.629624463025735
M383,28.625132633899184,35.95156365971435,39.45784969252167,35.54019992044246,25.064178525228343,28.662407921101607
M384,38.10282110298347,40.046221906723375,64.23833771471716,59.759228471174865,30.749427781100515,49.40084606318109
M385,40.65645376706613,30.654439060643256,68.45641500226738,65.38645113520715,27.347799176464413,56.46735448935444
M386,35.644779388487734,31.00767642372405,29.286342463022194,28.944576536218992,25.929403519871116,27.5994963540503
M387,38.17057740422347,32.06001530999757,77.61972188111294,38.19661751473845,21.305764483401532,37.64399430862954
M388,32.085051024009594,29.447597311747725,57.196490526351894,50.43163332787799,17.22773382852338,40.54829805872446
M389,30.740110769322534,33.47431021464919,40.444338884396785,37.95297314723448,32.805784626645256,36.97110895227293
M39,18.09830249194905,27.63785730278688,18.571866130535,19.274323417714463,15.194719521135447,17.37583797865132
M390,31.352246064679314,30.26539338962438,42.950003054063615,40.50902912146847,36.45206342538695,39.96960017314108
M391,34.7871628054306,21.377311470106264,17.84550799993571,19.78222929329547,23.979489974097767,18.688932185394233
M392,23.69303005901514,23.77946582355289,23.970971482602817,25.670281936090745,24.773276341549863,24.39645308285724
M393,22.00580919747177,26.78471968173435,18.640621111406332,20.693154047109424,19.951256677763713,19.34483102552131
M394,21.346830048596622,32.077309139784624,20.17756076978217,19.615029092536147,19.98343267819303,18.760238308511212
M395,29.534125891580775,27.700170591643637,24.723463097759126,21.330077595338707,22.39723189865143,22.130135330495037
M396,40.56108904377401,29.3130702031214,36.669470342034145,32.78955833013373,29.1218869711977,32.97765797725182
M397,27.48415502423431,27.33209567684419,31.44812016415819,29.050187228761104,21.533607778637013,26.144152645721515
M398,35.018912314859264,30.902133006221693,36.80259168156074,34.28327914482622,33.56617835173575,34.782079302715466
M399,33.667821848270805,34.4029115933981,36.23516632425818,30.756068892920737,32.12797722552504,33.05997906286487
M4,45.85375520834587,56.62907545556817,29.39204030912645,30.20240034120986,32.38184076605771,30.0329279171931
M40,40.93053731952147,35.5610354900011,52.56618447978718,48.90746644009167,38.86554700188586,46.84674443277564
M400,33.67456029466492,28.677327108917147,33.96486560297747,29.226371922034097,29.526600637285426,30.83831603309969
M401,38.9130579735074,38.13729835778736,43.26451577065399,33.68576898062548,33.30490383312684,36.79024962403701
M402,24.730899285493038,34.467087803062846,42.004012263124146,36.830683739559326,23.10802889745358,25.73681561369112
M403,20.39043264673545,18.536385877144205,32.48428716011108,26.426858437573877,29.523332651448122,29.30907384524255
M404,17.93598836866376,23.945059928383195,21.39966906305507,22.719497568766464,20.681178041559214,21.362066660348955
M405,46.84571439156555,30.824474632411857,36.2212144890246,37.936146181155415,33.757601584101096,35.81684293468423
M406,16.488366566865164,12.227599583907029,31.26667356152203,20.304516794068974,12.181899850868556,18.816524631773746
M407,4.931328658906575,3.0739898282627554,15.944106716263905,3.213707169533487,7.4964280479644225,7.992857148286689
M408,7.167225903176627,9.780181908193688,10.950388133203978,9.031634537048202,8.470878771648758,9.1288579598371
M409,9.510323663256766,11.745725325424775,19.56828759975709,14.037264264052258,10.915022167303551,14.406934881494863
M41,24.39808408093462,21.40288525121722,26.213837514972315,25.316526488592512,20.99403803609598,23.799773213760016
M410,4.007666935043201,2.82166856346799,6.585684073703486,4.544387008031894,4.890401456727553,5.28823916050374
M411,21.74396651935577,18.638203427422148,48.43530208084063,35.77154017639983,19.62097834416859,33.07204962930958
M412,9.5504045032651,15.064893182239091,10.514792782592087,10.10014236590345,10.554098890354874,10.359575913003203
M413,7.255301795528175,5.519749648328521,9.051143596188837,8.324075335307604,5.192302218069584,7.383112943504541
M414,5.736689775285871,5.279448181822875,12.006882119683253,9.84736785603483,7.753524523563268,9.646776780857335
M415,8.504890290094274,8.455391686824914,11.242018212092235,11.813916842289224,11.110814019470906,11.310171528623416
M416,16.75401444930667,19.917073213761864,20.18598271868709,17.2927856099104,14.890486786863208,16.847704509471658
M417,7.158316358038988,6.508803251816971,12.105185363480471,11.688430188795843,7.818258834393565,10.237814106099556
M418,3.1956056717545156,2.428144008147027,5.821560203601466,4.121362143374921,3.3299846147890992,4.318234027516103
M419,27.46154289689807,46.52792211476793,33.50572648115503,36.24747898485288,35.24640352362257,35.0322806046687
M42,54.65205191478395,40.17509830286096,56.674094822272075,49.93969806166306,43.995982073542656,50.657325408327466
M420,6.211232069855551,6.214554177683585,6.2018244796771915,4.277517823664021,6.2546070093397965,5.482793541741709
M421,13.29647167949412,11.766113202017275,32.619084402377204,26.977469241912612,16.359534351666607,24.990473128948096
M422,12.491275224381976,12.983075057701058,12.055883116667678,12.186188022120563,12.388373265959315,12.192152536872129
M423,2.34357286880544,2.876170322252185,2.9495877049034287,3.56411696745715,2.747604356775553,3.046376488792669
M424,6.570480293454895,9.568813899856536,13.345343981664463,8.356223736523297,7.521000192719067,9.421088222591063
M425,5.088363749521321,7.1210065085609955,5.81794746173676,5.37661421884063,5.091796664203958,5.346384395986808
M426,7.407935928315449,7.830745285105981,6.555967027587605,6.725778141511668,6.904778990869477,6.728727090885036
M427,18.444626296128902,22.198432072238152,21.279799055761213,18.67008368012752,19.5058160878276,19.75383669337577
M428,45.81013553460651,43.333097266574825,34.84811925855789,34.75828098152027,50.95604980916933,33.860259561728284
M429,89.25062523361001,47.86198764622228,62.632211795477446,60.984967769047024,63.277489281344096,62.37003959956431
M43,50.345818187509394,48.41316577120949,41.31979437233493,38.84779300087183,37.673350578582465,39.27582521515716
M430,27.396145162886082,26.992284914606845,32.29627422778739,31.685820592918933,24.81580183319463,29.11680622206091
M431,33.5175151062389,21.118670414406445,24.615756553281003,22.303881399596023,31.21753167410258,25.653361461048217
M432,39.51887006570225,30.342041624500894,31.616153983723418,36.20409394067437,35.32380887514309,33.79622776920003
M433,33.39888847220381,32.43797674680318,41.639283097278714,41.559248776895984,33.48833593509788,38.07445164658367
M434,37.31638396152495,25.97464056460726,34.88942120831515,30.79411658960396,30.40595647042165,32.13747058532452
M435,45.69825388888412,40.83943767330242,31.011574242825915,28.969519386564784,31.889074896793048,29.393010931638692
M436,22.68022261204649,25.989936628365374,28.52988826391107,28.458773035126608,35.58196480055442,30.72971861088119
M437,33.51125840225839,26.26312383202453,19.08422016129296,15.908872932327869,27.012923993449032,19.532625285768074
M438,79.51715042195083,47.689471666472215,83.93953551212796,81.89796303842724,81.98977497241677,82.56336075872139
M439,25.558756963725692,36.388531642337256,16.683956622112174,21.59469874983428,39.362539388351315,15.7491455568426
M44,33.55765994914904,37.18377429770513,26.51917141733491,27.651736712913014,28.299307789890392,26.11489111979157
M440,18.996516229015317,31.856820497607234,22.557616071551795,22.94816801645436,20.42692556177073,21.88951525134108
M441,1.9000327875276253,2.0935884480092732,1.3901984523143847,1.2752850981032822,1.3069986839394752,1.3010656024634095
M442,26.935702227858787,21.459768183737722,13.853813889564735,12.475032296790179,13.810341348567071,11.394859342837018
M443,10.875746607019162,15.950644598143864,8.28480338488371,8.312835139774148,10.353713836467993,8.778427646425131
M444,1.6273280657759361,2.0913568586080156,2.867394166283473,2.452977913846576,2.102911965626193,2.4734534130305326
M445,4.4990869527147614,1.9341824474806582,6.0824387210151905,3.133765433336482,3.2697615795122097,3.803832358830383
M446,3.922685054066297,3.514677943823956,4.800578827343202,4.504343641983167,3.237401898922785,4.132388665159344
M447,5.48405441388004,3.7402233523489534,8.352930526823112,3.939892363550048,3.6431865900939746,4.866813989347921
M448,9.60077388756317,4.138745158396009,2.183411616779566,2.648403129541806,3.1400462876530133,2.624087288100295
M449,10.690456411053441,18.51239918173745,8.975664456765397,8.85754995310684,9.949449178191118,9.132126877131567
M45,37.399152610767025,58.308579731717565,80.9703769236268,54.56548138390568,47.57379843949639,57.95047346824819
M450,13.887357986847778,16.686269135203,10.820981965447269,10.266238058630565,12.220354928777589,11.118275922194398
M451,6.689121067061448,8.61079946301359,5.638208016554533,5.640472307934859,4.904909068565849,5.246085064482951
M452,4.366023051225367,5.963545388175591,3.7624818031662954,3.8698574718512924,3.8497002410095953,3.8274845305915925
M453,16.490757244448684,7.2443312425774025,7.637398214897814,8.775113869565821,8.871613070481397,8.391522772495271
M454,2.369742408883469,2.4772510803529952,2.3436819967369487,2.188959172684382,2.1853695484727833,2.122291006003292
M455,22.8024464360552,31.192143102764913,19.538620880313424,19.819516580969598,22.636315322447132,20.598331451471573
M456,10.410769896558817,10.691372471509267,9.44329343847538,9.964179916262989,9.21272594332248,9.523914597405723
M457,4.987412224316687,5.678525354868783,3.933728851321431,3.85875201812837,3.604826748079208,3.6896957758206486
M458,9.53301975154553,9.250039554311279,6.068404950669744,6.0322375752464295,6.116364335946084,5.983996474870072
M459,14.356451590311817,13.347593101135516,15.892389942923595,14.788375221653329,12.059206195333623,14.110028667286116
M46,21.11586116980841,21.908862947945913,17.106186662544488,17.218947024607044,13.49046878231237,15.270838701426802
M460,9.335350619695049,5.650460708109398,4.931079625784766,5.6521656276549415,6.074490916938341,5.547125558438107
M461,6.889144874026617,9.803616281890122,10.641520719522926,9.549205354659863,9.928951287538807,10.038806618375261
M462,2.9777374421292038,4.9346865436041485,5.7993704076264825,3.632548938939894,5.2157088227233395,4.849679245351592
M463,6.854462913937133,5.87204600864342,4.113208082335154,4.159442309393329,4.904907988333324,4.161573919901774
M464,1.074937444049611,1.651882528760732,1.52757146179544,1.4754075049049622,1.9075641566779342,1.5824959329604806
M465,25.969098304894136,21.195294683385004,31.121840963688758,29.93371672574215,29.92695002220286,30.336027049969587
M466,21.346550015777275,15.398288808168518,11.532447292907301,11.7450931729455,13.502817296093696,12.012935621654533
M467,7.718457254149219,6.84313094469908,6.836450287749252,6.317344414907884,6.452764900297308,6.511816888368832
M468,2.8606323431536795,7.451200224080243,5.1902664969577845,3.90853410002465,4.5635262367992375,4.535054687237816
M469,5.782149543107057,8.187078185612396,5.989694394656991,5.4653326624890735,4.9380427225363395,5.286063731315478
M47,36.15705225826216,49.0266095116088,68.93414407985004,51.830518672864024,36.88411849928033,48.61945564082698
M470,4.734837277735908,7.9650943588816085,6.143211421911079,6.176390857303528,5.335853815215939,5.869128312989936
M471,1.0395155934598712,2.4332974849437687,1.0415574168838377,1.065145188182637,1.1184902910701262,1.0583116730463824
M472,4.493706655876653,5.0053053049675045,5.437200483240177,5.424781217711291,4.4751969640629286,5.061413725538795
M473,0.8922639547744171,1.3223001068778992,1.118449131607112,1.0637738205764633,0.8420046860772276,0.9860548621124663
M474,4.674038104901697,9.50180937891045,13.317885688000606,7.0786486814582545,4.547638959691618,6.59149958526965
M475,2.461518956305509,2.7004663088318925,1.783319215285425,2.4816090408152864,1.8206327350364486,1.9606519437786325
M476,2.108219762901672,2.7147621640583695,1.9676665801449262,1.9937520320035051,1.841365297082536,1.8831131064314799
M477,9.831473635459165,10.735934203416146,15.626049781318862,13.147203957662166,11.69105950045796,13.46223657352648
M478,12.790809077054881,20.8346506517155,13.00156916764436,13.038430815463553,12.578382334542582,12.80555638612119
M479,3.835646801882719,3.1535739447352626,3.674264502178073,2.3797821153195815,1.039400743184388,2.289938717081704
M48,14.023468165674709,25.415693231196474,24.96675602297269,19.78725895400056,15.178792108451464,19.05317553547661
M480,21.217291910800054,41.89192621803058,22.64080469199783,24.805723291295244,25.827123202911164,24.399607000127762
M481,2.807585557908654,3.2899048237348167,1.0697872877822658,0.73817757795706,0.7906521083407382,0.6769703186134541
M482,1.7929373619837838,2.546735701285866,0.661856987595138,0.4639835444324169,0.7116139827802266,0.4547463071251536
M483,1.522084216680968,4.6126251557878195,0.5778807099271415,0.9724370605454953,1.1430572206464136,0.8655921554969015
M484,11.255920767145353,30.190305136026204,16.920934537856603,13.12396287630462,15.666881474522395,15.220527116523218
M485,14.519010515279774,19.217372540564625,11.225820117680849,11.397867481297364,12.429714001888179,11.659759048004814
M486,8.806665907074596,9.48806865287495,9.048793681770244,10.954621069330592,10.476817080699776,10.040531280483734
M487,5.419297196091316,30.400835052365835,9.316361993444433,7.823767763168722,10.40920061950022,9.176475713925894
M488,3.1878511263057954,11.255424141668792,3.1521184067976176,2.2157969636428554,3.8760976839074996,2.9659864397142504
M489,6.4598839907904955,6.353487822819812,2.873303438591778,3.9943351309510473,3.7377165815253335,3.46328389336902
M49,92.46140102272693,38.306015271303686,28.832305416178453,33.87104672816808,51.136872572480506,36.22879292682429
M490,11.998987628315378,13.82693162870914,10.245175506511941,13.271565472210847,11.62455701109762,11.665605905205782
M491,5.619791726089072,6.044014691411271,3.1282319341169593,3.2740902571321637,3.8038128668885216,3.3176486542931074
M492,7.84258661252642,8.212423144394162,7.116237232404503,6.01212702769425,10.984729389372891,8.067237461023746
M493,17.540517217610716,17.119791751557482,18.906528498508955,16.799414631650368,17.43966321888115,17.711050348520626
M494,2.808201791078611,3.2165428177639637,2.7526589370076775,2.6552691643295816,2.7956286435604643,2.7208947747502035
M495,2.872028768725523,6.424075110576918,1.9715207051588106,2.2080614589055134,2.7227166562952205,1.8629386678975652
M496,3.391308837902786,5.381304328669476,3.2988641626843545,2.868593480020592,2.7448867916544404,2.916774796227608
M497,4.944873717637321,10.756657081672962,4.678271859355862,4.3806002961394155,4.680366624895486,4.400789184303543
M498,2.2467971187142655,3.7583122600683887,3.4380254481952988,3.0978260756410863,3.098116805581296,3.2115645985723718
M499,4.274661488906248,3.6297692658487395,2.8373140993247703,2.8459997745694467,3.891833493914148,3.112263089336052
M5,26.28794159566677,34.61569195246746,21.157854912124222,25.2796077135756,18.918017382066424,19.722519544201212
M50,29.240418790425636,33.602387213417025,38.49827382989221,33.47084241045744,20.879041609351397,28.65844637338482
M500,5.403050091532695,7.396311365305326,4.156853814440532,4.2841624861194205,4.099064088535737,4.048292676881307
M501,3.794259494028433,5.983604913405539,3.219167851714089,4.480454906314334,3.2529683612932345,3.354404529829009
M502,2.675517971520961,3.8812376736168597,5.619146614433443,5.605075160765971,4.828179143849342,5.349762012357603
M503,4.788902336070632,15.716564280306013,3.800871521700193,3.8795322156610417,4.650081101226139,4.095702898399303
M504,25.286319613446707,24.46579162266252,31.938756323234923,27.87913853637137,25.058478703958496,28.100847918469398
M505,5.072851054028182,3.7599415572310155,14.413985103505436,12.246413924125415,3.927743742554787,9.748447184628608
M506,5.032177168362382,7.960180421637706,7.368234454697155,5.439887346013168,5.327438685640889,5.901724375594497
M507,5.791734936467727,4.69027160350763,5.922418017206167,5.564670962433654,5.43293133241922,5.559273413899893
M508,5.015165027239339,4.699895514718877,5.36138648964278,4.316734726682063,4.09188986511642,4.518792645915734
M509,4.149518165214548,3.8610671288635987,3.304729555895489,2.8536001871726584,3.656616050472522,3.248879220962984
M51,43.28629848510907,32.40685438973341,18.116583961871832,22.18724897933723,16.10995664445274,16.73205149606419
M510,9.605973667637416,11.98898542849851,11.33211573583782,10.156833017052488,10.815324510781807,10.76538571545722
M511,4.018081073557233,7.475889902646628,6.414338685996332,6.781270777303546,6.579941057539823,6.5927733355155
M512,7.017482878447745,5.76517360813214,11.659725308787014,5.761238417168143,8.40282749719099,8.28319113587315
M513,9.821470021428325,8.729149255819596,8.105835975093681,7.537952785224078,5.384763346358017,6.670387887893647
M514,5.324835373361218,6.492077537293787,6.601006240922046,5.082000053069545,5.427409423697001,5.555503291355832
M515,16.23853911537239,20.370322545284953,13.70530764957848,11.913638359569312,7.340946164687286,9.87292587720523
M516,18.585824421300604,44.40969233174574,38.83653050684139,29.29757599701395,26.20516895815072,30.749380143119804
M517,2.093864615429604,1.922726779230668,2.4525654865663995,2.3469715316449413,2.3854187090869337,2.3770634316565804
M518,7.736921327296051,9.787193699645272,6.246744295346947,7.410505308238058,6.294505321989925,6.556198106397798
M519,4.404398250032949,9.941546677701204,3.987502849920494,5.253379838618145,4.8561956993040125,4.62857887747653
M52,44.864479411452216,20.832552719880557,18.88111438558922,18.921612969824448,13.444714911963919,15.9938090489576
M520,16.387127270078423,8.868075365867337,9.61022619695538,8.166663557978183,9.894252005527717,9.067696947582279
M521,8.206674206030465,10.589260012548024,6.624538961918596,6.901337361336495,7.311854573262449,6.920161519555726
M522,8.453930787059162,10.549173457773316,6.860179287660242,7.0376873079369355,7.641388996585302,7.179311409723095
M523,8.47711419343471,9.03324667654508,6.924526559701037,7.104833644409099,7.183939623341086,7.027354628794399
M524,19.977311143810955,35.84845098496692,19.22462689276962,22.87963963078966,23.250135137333675,21.75505480242656
M525,3.133518147338228,4.168070200208819,3.783063514821794,3.150284706746797,3.3744853458207023,3.031693245554205
M526,6.945385299570288,10.935843959378351,6.099938569094307,6.4858061590871845,5.741018596323566,5.9204675496813515
M527,3.567347592486067,4.1985341192260615,4.3519553989407855,3.6527351053704376,4.1993622140588975,3.96030808120798
M528,5.612360150464564,5.1241189163628516,4.898040418003724,5.992166427560057,5.9412443261788965,5.429680898316426
M529,7.62098467962792,8.00987551381604,6.11075946707844,7.16758342645321,5.968093113346453,6.329252699004245
M53,35.4049097540821,18.871791560582217,13.496669574602825,13.049786767384507,11.702448224912434,12.324804341155543
M530,5.948692840997818,5.994001808719755,5.796519650190151,6.838758695062818,6.823527754342159,6.40298248078647
M531,4.3961032745903355,5.597202842344906,7.045038594765706,6.4192693822887,6.617991299707543,6.6946397480409665
M532,19.874655986855142,30.897958399417007,10.726005138921886,12.927980751855987,24.607431425500152,13.052603412818204
M533,11.398117903087938,10.40334706742401,12.200175816821481,11.269738222070734,11.738675082915154,11.73722760222539
M534,40.781213782737865,41.77812409893945,39.94354437683217,41.18373419387265,40.31871086615547,40.47949286525862
M535,8.455773720951271,9.071291811775954,9.207686795981406,9.206526417278791,8.434914361680354,8.923801219717435
M536,8.99537237975249,9.786483819820733,7.318804584148337,9.10281708439335,7.80106269129355,8.08073873700535
M537,8.177002842080858,4.508395626621659,5.54844835844263,5.563605948444454,5.3434145697691235,5.485183540311962
M538,9.063513440941655,5.404781104504287,5.9684463956187175,5.992659496573861,5.510669089378021,5.7977140288514954
M539,4.668053143472585,5.615359460067835,5.852053404721469,5.485453305938794,5.722052483254526,5.608531318322218
M54,21.919481323335635,28.028393602842762,14.22003326970266,13.713656011450285,14.31322685929261,13.574190193426176
M540,28.80291724266862,38.484091553769105,26.286233416450116,20.938692082753395,30.506911186578666,25.813566435918126
M541,20.751114912421706,42.19654864401724,19.572563439514603,22.642619130758703,21.684513253187156,20.745276305314274
M542,27.315935738549793,38.58129289974368,26.984082079615135,29.00362707678226,26.675204816851707,27.539672364547194
M543,14.699437007297625,21.415026245630045,14.243167587895666,14.424605481614767,15.704723792227876,14.665818078271931
M544,22.609559959410305,28.94880526972304,22.912851610515116,25.87118992302543,24.11926030973585,24.29284582592514
M545,8.67301817349246,11.43931500573677,4.932941564022958,6.317959078389716,7.213873393659522,5.958510705192474
M546,11.515930893374925,14.528992719829098,8.835869093963087,10.971351303787545,11.792282484118953,10.412172587290332
M547,8.08110588253819,6.0273932870902165,8.930566460334326,7.618038118131931,8.478906992891298,8.21080286404284
M548,25.646656481410755,53.54810154155135,26.360878055089636,26.189462743573486,29.564033252957543,26.42216053475989
M549,11.965093988897676,14.101663723078824,13.235494613368775,12.81673928200449,12.601732340598643,12.881603570473034
M55,26.060253016685934,33.63186059110136,34.761348394753824,22.907644600811157,22.16428276155684,25.838925655269676
M550,11.193490121916936,9.499044006126926,11.683154622862949,12.083207901285961,11.553879077358282,11.77234407493093
M551,8.972013645836025,11.398708622709764,10.46013272214499,9.297691400906366,9.737648620867946,9.776342620624758
M552,42.29207685988561,31.58078146422976,34.640111710016114,36.85629173817888,36.08609027966801,35.815134553080185
M553,18.000318678731947,26.518541836249035,41.446521998737325,40.605309721466206,20.475529473435557,34.096017146099186
M554,6.516977917086234,7.792373548391952,6.410372696554279,6.563145294874833,6.150688797612175,6.082357578383324
M555,6.406220626037563,8.467792886523021,6.438470267600089,6.830020035116495,6.219373206253047,6.4419864507338875
M556,11.27838535826439,5.413014385218511,7.042572540884745,10.446170886771988,6.439114959914635,7.772866874413814
M557,14.514395927001178,9.27414481657243,9.964881136107241,10.209009613370242,9.502751764903984,9.845416020020927
M558,4.651351569322668,10.50182500856041,12.665588032227795,5.8361377500851255,4.919524894838979,5.434956018133863
M559,4.02611284768701,6.001611440462035,3.336695003836284,3.637374358294011,3.981483409409292,3.516664217248587
M56,34.09712553363502,36.190556790432865,32.07634479525245,33.221092330288656,31.07342447551555,31.784595808892284
M560,8.14684765148322,10.65651417723601,6.487123444207171,7.331456978979383,7.114170694202528,6.976370174301587
M561,19.935125241588192,22.026501071264633,13.474171019901307,14.301346993827329,18.12772874349074,15.264398905170477
M562,20.148236639176467,16.893905466566977,13.179327354670697,12.721118338820297,15.68160979319078,13.751998751314432
M563,12.5164889248859,7.412214818089668,5.914984196748536,6.093446365878365,9.415536271208953,6.550030501596834
M564,14.500932728932051,14.881040223959765,11.602636723710232,14.042550678068137,14.052672708906853,13.111206368377623
M565,6.999495483673666,3.700111374381203,5.194686602130449,4.882490146105214,5.597241536669603,5.224998420950836
M566,7.901028655053287,7.299950877271807,10.817410740276015,8.818241597828706,10.272711421934401,9.927910868064567
M567,18.073707881993702,20.72553087140163,14.075616238983944,16.744511795412986,16.665366858483424,15.816802999006244
M568,18.08160471933222,20.772681662908667,14.07479687645434,16.99530731281378,16.582247067362335,15.87136038533296
M569,11.415722866623735,20.748538656118864,8.140338313490798,14.6466148440756,12.14966910561372,11.504502652870901
M57,32.85243822319754,34.63890111568031,33.79181554999674,34.521491570079405,25.113844489975705,28.581358326806505
M570,10.51617480274512,23.365331925242025,9.136536218771228,13.059419517886376,11.580770486667317,11.233706082761358
M571,14.797868079092552,37.10580936689379,131.5628277946657,104.51921875873995,11.851165235862652,84.28361422034654
M572,18.34913110796769,25.8130680178891,15.937183313201697,17.29194603760317,17.993650000079292,17.069651883066612
M573,13.458400155413266,21.202560424413143,8.901573962567989,17.8409223018652,15.279644545047042,13.654637536092787
M574,13.470067874015575,23.808153196681225,14.069552602176676,19.30816018426875,16.935360484147033,16.73790339472368
M575,14.574311387805121,36.74912792308687,62.55175763553684,27.503187595987,11.851785449401907,24.841837217709482
M576,17.697894384360882,26.09300589269419,11.233527008801259,15.06524056700545,17.651738301035284,14.608919787693843
M577,4.602862887515716,10.089576922146335,6.6767715127226275,5.591813914719527,5.247927390305973,5.576776545067478
M578,5.143988908405103,10.022124957499063,6.026360049209021,5.306240823346194,5.789027922713888,5.678922267038505
M579,17.472670635188067,19.96180922542457,18.47050416511695,18.537919294804645,17.551164386459167,17.929355911678826
M58,33.13026509685425,49.11687340275597,33.13318128354219,35.878826534277735,31.759768428935914,31.232415555429853
M580,14.23426048331474,20.32470800530164,15.260991852266054,13.466509884297333,16.224778690381164,14.997796211457743
M581,9.6980817836133,15.881575643641213,5.78594692884149,8.595032544149843,7.988112503174045,7.36903118526682
M582,7.048866096816419,28.184684258408865,4.700180738663373,7.05969391739136,7.8447403713278385,6.1811289197445465
M583,7.573160278390148,32.68195503692652,4.637007801776609,6.090165798206605,8.332525184024378,5.563676871888855
M584,107.21077563999894,115.93002096609212,198.87375005467388,185.26187180278365,156.08273249381216,197.65801635655725
M585,52.740049559111526,44.467367655833456,54.555726972297315,52.141719114795166,48.8878493032364,51.727224033875075
M586,3.664289467147857,6.640791585799828,4.664390150201557,3.8071138318573694,4.294159743656859,4.156889235827856
M587,2.0726783200285848,3.7508188806658325,2.937515054518865,2.7434978932825524,3.0024677774448025,2.872894382367811
M588,16.89935653580888,13.39471698042842,14.895701247405851,15.024078075726205,16.739838059585093,15.504008707272257
M589,2.5621280657963776,8.943732181453479,2.944954115432919,2.729980610022998,2.522781439280144,2.6757412934946436
M59,101.13034722368761,75.0753380343533,61.649097861019364,67.20386322154486,50.96441890815623,52.51255298842307
M590,5.546547944039733,5.061144109019959,4.54289216626529,4.523220857757834,4.568366230124669,4.544803641901698
M591,18.769625270728852,35.2521097004749,42.973820854807634,12.266539594642873,14.871318146443507,19.003887725197515
M592,4.268508266522583,4.1965060779857,4.403982193059483,4.337146172568328,4.339220460662455,4.3368616712181645
M593,12.851359306031817,9.461424498009066,12.848044239141023,12.202744550529106,12.428860426209058,12.496337115401875
M594,6.192996013960698,4.812855893337831,5.704062943987392,5.832089954302863,5.661726182952965,5.7333971306353
M595,8.097173289632348,7.0351137451359715,8.43852398009763,6.619737448617386,7.179240885182425,7.420833378098276
M596,13.744444538174424,4.556491078809688,7.459031926433492,8.284182240539671,11.268472327200492,8.812754319151615
M597,10.657924621120449,4.081454292050491,6.258528976021132,5.960172944346938,7.990537414214363,6.7171709672597455
M598,12.118007192515197,5.670122736128704,5.111036322267567,8.073176500076592,10.335324884399293,7.364083161185992
M599,29.00078938224087,20.095615372004527,28.249000364154153,24.37722953740134,29.24931730022645,27.37344550849129
M6,72.63378800437641,69.14243038884439,52.31893289638213,53.67432460338844,54.331515757917224,52.91801037317571
M60,40.79706771477293,49.655925802167616,153.7447174582075,124.96457597394095,33.42601893063713,111.91961817114631
M600,25.202080095062513,17.9368849893438,19.477662477459152,19.365980583073362,19.647574008777003,19.425133543114605
M601,21.574451713698227,33.78457680726006,24.464965908811536,25.339886566383147,25.694665456729208,25.152064126263344
M602,12.43125570420687,15.254588744137806,12.09902755062313,11.85922373863608,13.791616288453284,12.472773374700765
M603,22.86092805211011,22.54005161049343,25.491644826792605,24.103353328110032,23.729640984800835,24.450848439988917
M604,4.49915432564474,3.4710155444132287,2.3236710351654306,1.2489765876132184,1.206628935089631,1.3214863245656625
M605,4.242741214415773,5.60333495057317,4.07621786142208,4.139076607469803,4.360933947881517,4.19011311726202
M606,6.664338950489793,11.821899435306705,4.477914517834238,4.003826497139206,4.483305245155595,4.066507522541809
M607,14.078678664179604,24.525858840233933,33.61548310594632,29.403057474892933,15.435583772794182,23.259653766992543
M608,16.277797360881827,18.583768654916852,14.903990174322388,14.533799243948273,14.554522346618143,14.631560938961762
M609,17.857558092670743,21.095722202184124,19.13535071673388,17.335157029593454,17.117862825039897,17.703143061104996
M61,31.440204353424665,42.6841721269281,30.422325869974372,29.722142141062484,32.6704880702846,30.80195155301447
M610,6.176050564915882,11.4100984166029,4.876570654964528,6.224391077845209,6.410324379556676,5.719605684598517
M611,8.134548953284904,7.31843987132056,3.7329799515916164,4.081730893335203,5.908846780675841,4.009749523539716
M612,15.721154090063331,9.061505178831753,4.109496576627631,6.7989995519206845,12.109556345802467,7.463354422561306
M613,4.660010380445816,5.551881368917011,8.42141295957258,7.128604097823814,5.504716499230742,7.001387447165563
M614,11.61087087711134,15.609832164777954,7.853612891666089,8.807527520686257,8.78573966237613,8.193729719748104
M615,2.506157354536378,5.2657408805732455,2.4952588493660626,3.7313898836048662,2.742970883130402,2.954920231019881
M616,2.2716310131934065,6.037727454242786,3.337691303115983,3.3821488571362797,2.4696790570872063,2.8782050525385325
M617,5.63229188204714,6.4027741447301345,6.712148416082164,6.210576076947942,7.961699616787062,6.952533658743346
M618,13.365842221530528,13.26086676847861,11.295456263188605,13.156420994598664,11.829209172453593,12.089525661664105
M619,6.83279408010659,9.062130009265895,3.949720145518314,2.9136054132938174,6.8283547892939005,4.32326715091089
M62,15.060379348729064,16.191078933825356,31.900782801267155,18.93822587670633,16.22705615655979,20.735872125358
M620,4.639935308054806,2.142740694467947,1.6574872246721166,3.428289347330587,2.9976702837230227,2.5581663678434117
M621,9.169385442137358,13.860728779468172,8.930213645490781,8.932385298036316,9.254161290016642,8.169348234196244
M622,5.248040841922351,2.6334731837963252,2.068627928245218,4.0487642006502575,3.393870901440266,3.0336554298249965
M623,3.6354917503918864,1.9684366891355485,2.0531702841469377,2.0396203058317646,2.6889793681566765,2.234537964967869
M624,4.388463616812291,3.675532634424825,2.4404906531259325,2.405726163149547,3.156128980881321,2.4470089060266
M625,7.791349708533939,8.973424063272162,6.917265239273562,8.042434638232812,8.047613333243767,7.620631089978243
M626,16.432799635860082,17.766068894427917,12.18840704693492,13.095696114545484,16.070623479200822,13.105244055889877
M627,11.152201311266479,10.32912140511313,14.277618629638779,12.192351784816948,10.041355249100047,11.796882504447067
M628,22.22325182631643,18.112421145677985,10.551691784813887,11.918918226633842,13.609020140492339,11.87227380316149
M629,8.884952097066934,13.262379507360144,9.359988083772954,9.003114065393689,8.75769739839827,8.87200826458289
M63,43.05111334564024,45.52767408089506,30.623785066099273,29.704893925690826,22.731694621476848,26.161192932390883
M630,8.827566137023698,13.858347236332678,9.633340842172949,9.436010221059592,8.825531075018242,9.205149089701482
M631,1.5485694361437006,3.575243179939564,1.7233298658426315,2.140688745046147,1.5391444247569415,1.6106415701417536
M632,1.308715048713231,4.3371337482652095,2.2300663694327962,2.914017615025485,1.4251055884790844,1.9999914553009848
M633,2.1132674560463043,2.8263314889829743,1.4361413826434868,1.636324759155279,2.1633955994442626,1.5639869043481454
M634,9.191148960319921,13.665608801534367,9.451989712455292,10.55275415818728,9.567930999230567,9.819614380294766
M635,34.53572849662568,30.997120594821947,38.95727474946022,37.695117494469926,36.05888927011758,37.583909246854695
M636,6.7755237947335125,9.569218346038598,7.4333114202413,8.111136147309635,7.244834504619291,7.5935352023594005
M637,5.7515065600865665,7.780822268049619,5.476244925906285,6.293039237318272,5.686878730393236,5.592862880463897
M638,17.825016516021364,20.869328754541456,14.140588161672747,16.536431069998006,15.925544326739839,15.481075870810615
M639,3.4712935093906676,8.523356382650901,4.165165758796488,4.8170243181591905,3.964939978097813,3.7813210958390524
M64,123.75875033334007,51.490336130785224,36.01836321596966,34.726697282555854,60.7447244036593,40.1200184265637
M640,6.736381153959099,7.10214645715514,5.558463655817224,4.886589986106022,4.88045321742267,5.0740371784484015
M641,3.3458332617199256,4.933189772953586,2.487500767197393,2.92532493940403,2.6469438862912167,2.422195299789154
M642,4.26930664361862,4.902399773428679,4.1490649051029,4.419553708659997,3.059289749006519,3.0963912892585315
M643,5.845590107860836,5.32536744402346,3.409385480884443,4.311904744260346,4.267853755899761,3.9941246167096827
M644,13.041309801642154,11.16795880160151,12.169632663941071,12.315355951255556,12.19489812994988,12.22642529083861
M645,4.1269891687464835,6.872991748358931,4.5589462546580934,5.004252904565906,4.342010901836418,4.521756999071453
M646,12.215290751111707,41.67884019977541,10.788249855116923,7.6101673079105785,17.227098014120777,8.593305239935788
M647,2.079910630856274,2.188782887919483,2.8765513789015458,2.0443833542808387,2.0098349466249963,2.2616234819597465
M648,5.0827120045251855,4.388693358250967,6.081848298544351,5.199943778566007,4.980823481189653,5.425384512943506
M649,7.011513296931124,2.914414168063447,4.549855692456718,3.6022145793886673,4.317982902429952,4.099316392464055
M65,54.88169377608787,36.284623815363105,43.28402453966095,42.43683143870717,35.6059538614462,39.855593047390954
M650,9.653764170783269,11.155201796442181,10.609995088778765,11.099831746273397,9.452280585996535,10.205047586138342
M651,7.27801129735192,9.631403499186808,8.810241175374845,7.591312353436529,8.397427786604394,8.269282364881434
M652,8.761905941526722,5.561496723147982,2.4699097224858435,3.1282562095576156,3.593966082149126,3.045295358189436
M653,4.003629040305388,5.1845744139422605,4.738428745664302,4.103849997844671,4.767188158034547,4.50828354289165
M654,2.754928492816078,2.6937720587246217,2.7444695907899797,3.1026409589552912,2.7371816601379795,2.8155774113841177
M655,2.382262754037591,3.6100642688527262,2.699463848178146,2.394091016708046,2.5312610297711537,2.4951632678572975
M656,10.044278563874514,10.474781348196148,7.7594073638663605,9.395448889601814,8.427201807568572,7.67421558598369
M657,4.337077455423059,9.312195760230015,5.165120698428785,2.740293476928546,5.160338165971965,2.6116037334012745
M658,3.530062661689616,9.16256352245512,1.4436018410238995,1.8314578190727362,3.176612167601157,1.610345385558088
M659,6.111238543491918,6.684894864718984,32.41191037180993,12.373598615825358,5.704443978341472,14.789368994459803
M66,34.65440198728281,27.76159990764701,23.811335825125283,23.636534221526524,22.494983905188985,23.38866819956683
M660,12.015860424257795,10.35587272161495,47.535609848585295,26.13579158634606,6.293778827942472,28.774560014583116
M661,8.238811203129647,13.876623954176361,8.185132859261888,8.22521389315211,8.256378583473081,8.206494698497387
M662,3.664885100023638,5.194874277719327,1.9404494560751016,1.9572761891806425,2.314483014628585,1.9572485079525233
M663,9.116126532782662,13.466646561237475,13.909927666960245,11.9625953610847,10.912385306293693,12.281684981333019
M664,1.3733613248406702,2.236991592741935,1.2403192934598295,1.2875121509397103,1.3301131868807143,1.2740763317068573
M665,2.8974913375915508,3.412664430959664,2.4714883288170832,2.7104050034299636,2.6539001312063233,2.602039823734175
M666,4.737229298085695,6.073445066394746,2.6883350881176877,3.0612413941971086,3.0336664869806422,2.928149999567415
M667,13.042077318852698,12.026887905764085,8.028255064496758,11.020883667078424,9.503038291875434,9.501484010468909
M668,6.007462311622813,9.025524459799897,9.292075107977638,9.20810496218394,5.590745696961607,7.697029700056037
M669,2.0782745299316376,2.185252881758369,1.8963865819146335,2.15108187833677,1.9359382832085648,1.9695019906710722
M67,23.663130836715688,27.249055227699014,25.45124937750274,25.230055692832604,21.76804304670659,22.667129162147013
M670,2.0956185725418006,2.1651624758942063,1.8064490201550558,2.194562242268176,1.8651824708769946,1.9194333779238986
M671,3.9903199684312574,3.0736784969176365,2.5798870722584137,2.7861662149328117,2.52317012061088,2.629571409265553
M672,1.615641141386706,1.4771210926004177,1.0576273186258514,1.1783168235647665,1.1522367400994655,1.1170833455001812
M673,2.5335425670027543,1.455750805101151,2.704940386461259,1.8114944805722766,1.3191798437638989,1.942906237162011
M674,4.23801544492682,3.0698322792886703,2.6135488437765915,2.7655459777401994,2.997546557804339,2.7902590840336745
M675,6.401922154226556,2.8702445519106785,6.068204609484821,6.432622963253327,5.899656401932839,6.133880703898413
M676,10.959000341336788,7.063833532350593,6.161511813729595,8.933402538289814,6.939505355586669,7.335731038246934
M677,3.648126759040906,3.981739096213275,4.899796277874372,3.322740931610758,4.565240779254064,4.181661622870456
M678,4.516939666448577,6.002705954456633,6.567120943346379,4.592354084589399,4.705793441947797,4.961974198687321
M679,4.183245535575964,5.340171598627554,4.131560015659726,4.121285524640138,4.174184247690828,4.064378892827929
M68,44.24910140226554,49.50004483640375,62.0552049771125,68.5244906088979,30.58179723640095,47.76917457969664
M680,5.397971527279832,7.4900269924754275,6.1016966382255,5.377666497707531,5.846147057746844,5.751990948442157
M681,7.887781648939826,16.995343161997916,9.814419577785234,9.650593261185861,9.370469752787121,9.612605647908403
M682,11.63848673720549,11.590891446860994,13.323744052040805,10.6322999182253,12.335441452654356,11.712673000912972
M683,4.24230383249861,3.6863693156079282,2.414688454232748,2.5816300330080995,2.594195963424528,2.512480195435631
M684,9.970469376775924,8.549056399940909,10.395738084508517,10.120308460810728,9.28366825736816,9.682651222647047
M685,4.90430656137898,12.809091886943708,4.125823969568625,3.630340237988195,2.4136285346175606,3.1762905127554344
M686,7.644028763027521,16.967034122376642,6.790384845094805,7.488408159999397,5.5562262646620955,6.445118806039307
M687,39.38783422725435,29.78118714180076,30.666471985673056,27.88718314845232,42.945466772600945,34.229012283690686
M688,39.40147018549817,29.78118714180076,30.62187781721211,28.275611702230957,42.948542651245674,34.33408703837498
M689,66.03128384208325,24.313750707840207,48.356581693419585,31.990269345719312,50.522209134222734,43.96271893251613
M69,11.849567632959314,17.39016925670951,11.099703656446756,10.896751473612914,10.277311942469444,10.351454251531406
M690,43.0197376081489,40.11733545587391,32.58800533465566,25.37674286781914,47.95650338428803,22.013375177383743
M691,11.572976927502133,7.203425010860414,27.206909008081034,18.80940340564552,14.873041352260003,20.023204335034826
M692,33.45752692739982,30.38081953286509,28.164387345229716,28.947585504578015,33.959842591174116,26.14802710266737
M693,2.7744559015781363,2.5643549868100415,5.636379535631137,3.6008332404685643,4.030198172061114,4.425997199011349
M694,3.7794031743613297,8.437024913842214,7.129099437874934,7.3196871169593765,6.171642829597145,6.877019365255286
M695,2.5154450578550316,4.386850203349218,4.06422739713142,3.2803586465591277,2.9181606162914147,3.3725580417296768
M696,16.624489650123977,11.026946673293217,11.25777382707146,12.999526790262532,10.99309683365166,11.528755989602153
M697,10.632851673040493,10.319912266725504,9.444884166587354,9.346770131303678,9.711542178947772,8.913125549604041
M698,17.477386907862915,15.115995052247634,14.77568943474616,16.16173967060017,15.332137299202186,15.262306737213208
M699,13.647164348066068,9.346237648559077,15.930594288267631,15.760378882465098,17.549799073708,16.41807650958451
M7,59.962714232547505,52.39604140859888,29.26200222184996,27.482111823481155,33.245830362440714,29.821535352097126
M70,33.84848206047493,49.75537544569142,37.14701652198373,37.84302235592045,33.74923475734395,35.3507890229504
M700,4.827543979391642,4.244130351850698,3.930778424519458,3.7835045305898203,4.025647567005475,3.773246748376315
M701,12.45354606510799,14.54300191922389,15.309300452868813,12.311819885288038,13.10167885100164,11.511719775881609
M702,3.7926250282148604,3.1565019934546807,18.390901926452965,9.144604206956867,3.755801357351878,10.448548187214083
M703,12.584865208316867,32.48011749571451,11.735642502682936,12.715787731306357,12.666215610526436,12.368729667558352
M704,72.68025547671904,81.47695678864777,79.06783166485714,74.11542491704418,65.1615627309739,73.37846954404247
M705,8.847969045394358,12.953113091502182,10.305558061797022,10.039578335341828,9.899658723554921,10.016428684739775
M706,21.55231388092149,29.83385338657043,19.590654548499217,21.242263213148544,20.96080294231151,20.3809408770597
M707,32.06198789431206,12.590324705085553,26.92737227103667,26.101572325579387,24.045467929656514,25.74105507068553
M708,9.642710299776171,13.483348003210004,77.03345129233497,37.89540271042829,9.177290386792574,36.74158789526528
M709,58.578232823234266,30.255356571356856,34.518143129999366,41.513460814792296,42.0255702769012,38.53476794447947
M71,7.596104077057157,9.288217670932063,6.987736366254338,6.977542658253389,9.12167649142292,6.7827579710139
M710,23.530723658438173,39.56213331855832,21.194001826622735,20.720483061297585,21.09673725745063,20.937318411029157
M711,13.580617114998399,8.44675402511784,7.414409139587458,12.61766179018013,13.259986065764902,10.750036744090961
M712,19.503517437259855,17.883757033893872,13.868008940248991,14.631445892286795,19.414748941676578,15.63221744510433
M713,3.182603184477298,4.6120852387362055,3.210943834982033,3.4535094087351927,3.314362790821747,3.2597787963642144
M714,3.355901037255217,5.705771512108814,3.2100952789147774,3.34208571094282,3.5549749631851997,3.350681731030135
M715,3.1968848352257524,5.121702837230936,3.246068875008065,3.2782978917942733,3.404023100384416,3.2849526525409587
M716,42.955300634420915,69.39544713142574,63.2253335607301,62.43945214268883,56.08058729102826,60.467023430791045
M717,7.03662723328425,5.249813447254403,4.655052596053872,8.172101526411561,6.588623239344633,6.4587414217974075
M718,5.100156193241751,6.5144988374832735,3.329098151004668,3.274995298275825,4.450080959487222,3.5178819244430555
M719,4.416123621903123,5.529156161862761,5.074050639291021,4.813740956990025,5.022667923439031,4.949678357530235
M72,13.37338810880714,13.74444078770575,15.949766379404496,15.30643673891432,13.74771795499439,14.791192739661476
M720,6.646048346309092,12.556585918009105,4.257411733003653,4.655098610843751,5.1807607540944876,4.6892010934960355
M721,18.422321081584784,12.875382598234776,23.220624628408036,30.892883442129875,18.59140043939848,24.406755938651248
M722,19.682837834428774,26.52884923004866,19.442820504570435,20.557747257212412,21.656935266326347,20.545173282437176
M723,24.54185848198666,18.92595699876655,23.842977856813807,22.6845878804417,23.133632918763695,23.22765651662702
M724,32.50311309398441,25.65371451466784,23.660045882230595,21.853885345074318,25.98353811911059,23.870256457440114
M725,55.8498620968334,22.20430836703607,25.299586828307593,17.67497754894336,18.697016588160647,18.276110847769473
M726,37.71443302000069,24.016331630524032,26.605031152728582,27.285580665194317,32.41156492230198,28.485767928664806
M727,4.464846978557382,2.4726650974977007,3.7450881276603596,4.561781308629815,4.846462562918103,4.350958315998333
M728,57.88579399098517,45.15358829919202,60.429828267961085,53.34420833877485,52.93285848710199,53.14640989803316
M729,22.10240243658976,19.93902030902661,12.91114315052382,25.40458230198093,15.544733676733935,17.605552424418406
M73,29.96997742875294,41.987241069323154,39.541533879945064,39.078397592552534,34.745757944223215,37.62353810641954
M730,22.80600443331367,28.50603359315389,26.391198278682534,21.94373221188626,22.3173632863303,22.40707141044028
M731,32.03658615516623,25.979814285055966,27.805172528256836,26.801063859736548,28.591855747849245,27.719471673554096
M732,30.85089716162234,23.303628475807876,21.416502794248593,22.981290392425144,21.815425660044397,21.914720171578793
M733,8.21030675913254,7.8927168088132555,7.645486908032516,8.27646670855065,7.086965985763363,7.588796035410839
M734,5.642812370882432,5.41651657251882,7.628072349090764,6.9921796530046985,5.979934259560065,6.700719356919929
M735,73.30497550544735,72.53361785057628,80.47120267049303,75.76954579785131,74.7254264559933,77.11449681021061
M736,10.816104176388713,28.843550391110607,10.978269233783275,11.396866845467116,12.907316233847077,9.34007540381311
M737,20.540492141724158,28.84862179815995,20.58053947981083,21.309786725991575,18.84774863831344,19.54892370864915
M738,19.47354925742027,25.678045217237333,17.967314949444084,17.614094929387527,20.544277580349704,18.47508094958077
M739,34.47335442094803,33.98836143555027,20.951233035243934,24.960913412143572,20.880625618351953,21.997295053139553
M74,12.112766880445687,32.15593538146467,22.35704634752417,28.166958234147536,21.04251839490293,23.61057248717402
M740,16.19627422853428,13.619288158226574,9.350614047808113,12.705940704030517,14.449653214656015,11.680438069801337
M741,11.263412069072077,10.569146764049016,12.520322989536128,11.035409994033305,12.237921570302436,11.860383234163912
M742,15.412564010135851,12.9278971182829,13.665405582595609,13.421681444720278,16.175186144055008,14.262623507656656
M743,28.560288186636082,28.055175375089267,22.729269588664884,27.710886694082316,26.145261329989328,25.53199541243522
M744,22.0406943132411,21.106224742823922,17.784355141627948,19.69942053039094,18.68352153508112,18.717590702816633
M745,12.230055090406545,11.110882259415138,12.282193332738611,11.113865270811282,13.861837014007618,10.632870756090215
M746,28.51783546422434,19.518459873115237,14.320153486610801,14.730851017710174,14.45799773737822,14.285384153327508
M747,8.178818698238834,5.208422656761212,6.072865278844267,5.556903271942817,6.532467373109692,5.570596640507814
M748,3.002465111152368,2.8873106590109607,2.960659671882158,3.5799866181186126,2.8071519378936296,2.576428152851643
M749,5.901513689701447,9.078233438285169,5.023420362949243,7.477374532273497,2.941187150910535,4.772703965168229
M75,45.571990918730165,33.17891459841136,35.37641016101303,25.37135243417532,30.32370839291153,20.356644455521447
M750,8.576343394620192,7.467402138936969,7.3211239214045385,8.35244549102989,7.791539219581056,6.86269284919941
M751,20.246027734582526,19.724822466800536,16.76346060848367,17.20239693848808,20.08494406710504,17.585235732341285
M752,3.8111005965756926,4.566432629823711,4.717215050071496,4.686448431310335,3.7055610513782287,3.953747988235377
M753,4.405559307399688,6.039572750097304,4.804926413277597,5.044605491715084,4.855055124639026,4.463358270522176
M754,6.115245474685691,8.538087544593179,8.405198679249843,8.004789476321061,5.9795070745894465,7.1204887702800805
M755,6.06909273606074,9.896395303744717,6.805234976343915,6.543406030438812,5.909486788746954,6.373582378035731
M756,4.966681524394504,3.926516587465843,2.934967754235326,3.075506914555816,4.4110662553324085,2.7077464240336786
M757,8.822277610128628,25.061592764591325,11.801761501529935,12.006061583267758,10.558875178913476,11.427637169893138
M758,9.128291110451967,21.294731694897454,11.898776798469891,9.522206405486632,10.882405057517184,10.318275973408106
M759,4.052018368822606,6.340111690581302,3.015064188712468,4.99082818897084,3.9845052214979697,3.8497470053876444
M76,12.789153131372068,7.348884188520021,5.644046775049694,6.718273666428727,7.243365909945979,5.9259672844714615
M760,7.715324106597139,7.658881252071855,8.32958609170952,7.970339949981089,8.000274318898182,8.10077180493543
M761,6.133965801354488,5.6852185361386285,6.324109986845733,5.6810888542005635,5.923577944180432,5.953157551843962
M762,2.926808275993725,5.246196657474922,2.63509191150917,3.020100738923583,2.8497046730880147,2.7738649651495
M763,4.251965417577397,5.355118892617104,4.136417350013951,3.882447375374657,4.2239785650656145,4.058018488579179
M764,9.017455992199734,7.9580545656276325,12.165683787461589,10.525634091790577,10.068777589927395,10.901767514176434
M765,3.933364937029223,7.249059361157232,7.509428136784905,4.26609217154011,6.076865121012663,5.893734100455246
M766,6.249185659655542,7.830741233164385,3.6142120921575835,5.2752782031944525,4.428204666328913,4.4220604980282365
M767,14.608609032354744,9.562597073721255,7.661903987911084,9.163844492624172,8.534345124566094,8.4476094573616
M768,16.783115814343656,8.669321534749008,8.980265999203986,9.784177630568816,9.081320212907547,9.239218028627473
M769,8.242988836799315,18.01738112526917,10.95511930978777,12.541051704900802,7.838612376030478,9.762699442179562
M77,13.293813311969933,19.01520849000262,11.086630781957762,9.779362151817573,9.453538305939613,10.03332833200595
M770,3.8682392235353955,6.102300338668339,3.1817612561396857,3.6095609039375813,3.332738517829076,3.225903509224215
M771,5.533210012198738,7.0235102591434275,5.778212122039965,6.261431787739919,6.146199223580443,6.061415823288993
M772,5.0363691653421885,8.398317151814958,5.616464650499643,5.549478488419387,4.682845301842762,4.904387424236571
M773,23.144897845654544,68.40668087084612,21.713113578628867,36.61082700382223,16.682706085638685,19.8052523175423
M774,10.95865104266897,35.75250661652123,8.0146862627657,10.00908666090281,9.492228332851322,9.121286818889343
M775,35.16044640190397,28.098175938216677,20.357176833033822,20.47860424197072,22.276178211565114,20.41094101549742
M776,19.1160807186716,14.267264854556275,9.329517279912428,9.881745103125953,9.912761545947072,9.486406868773052
M777,28.16206397860757,40.79693242944313,28.26229721068898,34.42201898684169,25.23241560687923,29.188224567415425
M778,15.004647604688424,13.322762130345048,11.040638255274205,12.586796317192805,12.247897238517467,11.910489981236871
M779,13.10020841818712,15.396232904522257,8.966820469434019,9.463058813962611,9.78937931375598,9.406203706299678
M78,29.291893244982855,23.41496507195051,27.33778520380177,29.874713438689973,26.52244817168294,27.826007741063
M780,5.073439839600635,10.44451418328447,6.098862256830895,4.778918252689392,5.054084611677492,5.188531377798755
M781,1.991698586352587,2.085088987405583,0.3407291704565238,0.19561361099393593,0.2377769785280129,0.16296931380068813
M782,12.9112780437552,14.367502257268544,3.481244740481041,6.182751623819245,8.17746007784009,5.673170249790305
M783,16.98703560881159,12.916501312581,7.607992876476906,11.202094129740289,9.787189266860302,9.483815796810614
M784,65.63163559224942,27.209194359855516,33.53952201769203,35.23462846025677,37.235339488860404,34.900364976701574
M785,72.77190430940095,33.570466988352294,33.642562164679674,35.03928674787367,38.76522756989277,35.17947987714835
M786,15.270280313449454,16.110345311451443,16.718986685100205,19.965250161806757,16.641565692092712,17.61955669806826
M787,21.480337479330462,19.970251505910465,23.170818709417723,27.876589098593257,22.652848184772107,24.52837061719782
M788,6.159690465254947,7.640130364783758,18.957978614710626,10.73307009586392,5.834476003019133,10.772209175757006
M789,24.95614705496659,28.565719564910083,30.18523922735273,32.51204156668492,30.70006449543034,31.09507956299124
M79,30.57876208020483,27.780833198949995,33.30224773759252,25.581678749090795,24.528895914403854,27.7527804542049
M790,28.619995659468984,36.31194525230651,39.056191706433204,40.504532033718306,37.942776556112356,39.0567690768373
M791,65.57110613068048,34.78367380681572,33.752672037864706,39.06176736306292,35.81780023094993,36.08498143638518
M792,66.97196924168964,41.92106101617359,39.46193661998839,41.18076723754385,42.86772776885973,40.80287513106586
M793,8.081745225073572,10.227345274418491,9.99354917326,8.29508679043046,7.968225557536276,8.451230655805857
M794,10.473480721233289,8.27539795870832,8.981527155647303,9.299043661308293,10.457865790713903,9.583448218198612
M795,10.5659694137489,9.428009897787751,16.760049784734637,14.950688087785942,12.383131946580788,13.580826012308265
M796,13.432476876093636,19.453728429588807,12.174832847739891,12.979026458970331,12.838178342225467,12.550142833111625
M797,7.145825283220841,9.916899002932354,7.113681691826666,7.996173667467725,7.438390319254856,7.391310287841991
M798,14.289407782939755,12.409711034462148,11.13321719374144,11.493817145218317,11.38006733785647,11.335495375489938
M799,16.83309429746908,9.891850917298482,15.239585434537828,14.662981091950526,15.351388148102565,15.088683714842448
M8,47.70422287220313,74.25842204077556,42.19973035219846,41.49835609677112,35.66526273920264,39.19753987537116
M80,11.029277423562924,8.856050409751838,18.054714518573,17.675123590974962,13.818795996691366,16.397071741371338
M800,22.72823918677064,18.660284603897626,23.417040168014196,19.54313251144164,19.83027462075768,20.937911687540957
M801,13.756723183448672,11.921234034790421,9.930975612837825,11.951401334879169,11.37161379834096,11.079108801769737
M802,17.987400697588207,10.903549801593202,9.418353850618368,11.340286691374317,11.935908544556789,10.876140434366947
M803,15.345929545408517,13.904331238353649,12.700727624329758,11.875385655453776,15.326140668064763,13.043827603518563
M804,8.659583613206056,9.419737204604438,9.417165854208172,9.014862618396565,9.314145594749961,9.204404654405932
M805,9.985820627599677,12.215966859976508,8.94189450952892,9.424285962542335,9.892755074023574,9.391178870463081
M806,12.585741712300335,13.692827114919902,10.644163885582076,12.372010273602077,12.344436146231253,10.96207077693856
M807,16.173113082627665,10.391644549279329,7.987206188780125,9.519182023550387,8.286475972607981,8.563469163963205
M808,7.498764593090481,9.184795583087528,5.238958427977642,6.581800650895886,6.650230744025055,5.999413212139383
M809,6.686423908219788,7.5273822278108105,1.0752694770879492,1.464461617339959,2.799543595378592,1.7292032910054687
M81,21.308838609675867,16.768506204610965,29.1879519398572,20.997922849707223,17.104185452566952,22.630469851271332
M810,5.323256206036756,6.75954857346876,1.0688460692256767,1.4110865078704238,2.093141543806808,1.1229202130669038
M811,3.0655724084429554,3.2247057213046424,1.458873468412134,1.8146862619323205,1.5925710335291958,1.6160165094684122
M812,2.7762541584863873,3.089785482755747,2.4913602051713344,1.6256499141737757,1.597195957090506,1.6605739857703181
M813,8.999670904552737,10.869525227048634,0.6851960338486641,0.9212333330376384,4.4464395886489605,1.8370071089940834
M814,21.010907592704672,26.654951905294194,22.85369480192984,21.915530070879175,19.910658200672067,20.870003121475545
M815,6.578657046218603,10.199463536576463,3.0348212855705654,2.9908221533093298,4.853972182169156,3.621665248172638
M816,7.719069458032461,19.395778427788443,9.676287004816617,2.668698285621296,6.099065185564131,2.9692829808852768
M817,0.48276512010323835,1.281715594298596,4.333611529124634,2.200353810677704,1.447152695279392,1.6670231622744727
M818,4.842588723530724,9.812456229592861,2.6865938827890834,2.202509121416922,1.9745626886895817,1.074916007164806
M819,5.013812973468137,7.421099491955833,0.912989666190163,1.6416660709371602,2.516948130130151,1.6837034193952276
M82,9.169028358654078,19.708501472098472,11.072793643063694,10.594392989938541,6.936763217847609,9.028989273314401
M820,6.839237346784072,7.588502308490648,2.1291430808427623,3.2530674352717774,3.496847217973666,2.934237557540021
M821,9.219655564358796,11.323649475891008,3.64404543745926,6.73034282584258,5.780086817336907,5.351728147299308
M822,4.51745141371395,5.484268057054671,0.6672071087730651,0.7779727250530638,1.1550555217804908,0.6436259704427213
M823,4.375165595641273,2.405007827782615,3.8108987235516625,3.566472181563186,1.2726922166647368,2.8450751948227655
M824,18.11145558885726,16.014909309272063,23.492156222703294,21.093461554854624,18.72885514472827,21.07753057274226
M825,2.6172716504776705,3.7937886464205075,0.7871119148706642,1.6145864031730133,1.3794253144979445,1.2145328761546301
M826,8.162539461399316,10.037192908284702,3.9492840043640345,7.3789297486075,5.824859252678691,5.703472992188817
M827,2.6629622686779486,3.4039820582232774,2.0635123093230314,2.1791663701530246,1.664498533140807,1.968794306416271
M828,4.103586560434956,4.867890279542948,1.4476004428778373,3.209470519648544,2.6581766087708183,2.4348747346247688
M829,1.3982773775543174,1.0434588970794385,0.6185296777243345,0.6169235723184499,0.6012409735446607,0.5589974872940486
M83,24.821631037523574,11.468660709134614,21.446788235094974,13.956126061656718,13.422925076895703,16.13320909014024
M830,6.442994970919176,4.127589148014034,2.759247783785841,4.743724121717889,3.8513835929700497,3.760531764241053
M831,4.4206389457399275,5.433639245822699,1.2020456712496308,3.2233566687492416,2.665869942906918,2.359000987846193
M832,6.029046168408078,7.425994577798646,2.539665946347041,4.327269549505683,4.015372863320672,3.6231656879563183
M833,2.569833377142999,2.864855850896176,0.42359969840256934,0.8953430504467791,1.1168244056300012,0.5923407472045445
M834,4.6770776552170865,4.885261509683651,2.137262290177629,3.6747351375124597,3.226505284921897,3.007407757687602
M835,4.6593405844369284,5.205632733183167,3.0369599357755623,3.7052513830616025,3.080257679225946,3.2735408778138155
M836,4.9207868832882715,5.440108232215892,2.089634034540356,3.8589577934480306,3.2498226321197627,3.0617772371417202
M837,3.235223846619143,3.67323169571244,1.1750305907086012,2.5272814435022926,2.0693165524997834,1.9218099786023177
M838,8.52800315973712,9.889359066865701,6.221895017776324,8.509017017026245,7.86647464598863,7.52656534071609
M839,11.474675151244593,14.778459520523914,8.78685709428323,11.689573179799275,10.98909135539149,10.479015035718351
M84,12.03174812490524,24.836485346929422,9.253520197537998,10.13211542798837,11.013891662177443,8.933901492247346
M840,16.604609535946484,19.408569671586136,14.424270171396545,17.48161637939677,16.10402065137243,15.992105597071827
M841,5.851523248669196,5.563212909830935,3.7465454432905108,5.501520039912051,4.952435386229673,4.729974154108911
M842,1.631577214230695,1.9297561096815623,0.6957317518136207,0.5986929737778701,0.6057375295209129,0.5848821797359144
M843,1.3579412893053375,1.1724846526965969,2.7648889196264457,2.3091329219085464,2.2981169776076147,2.457765412429669
M844,6.405505378901021,4.519747669756707,2.10241682474131,2.9958966616122145,3.532457506473047,2.8749919961998405
M845,0.9185932432053211,1.370417584611435,0.9901830154552737,0.8420666453174606,0.7904438036715222,0.8095546835603815
M846,7.174398474168949,5.142030460192648,4.310105550167304,5.140167719156242,5.364641250991665,4.927711040713812
M847,7.014343048843681,7.8034937299171405,4.798870107692317,5.5485523439299,4.77290567301739,5.039282684340781
M848,10.239140201098571,12.151893641232096,5.1090675333887,7.1903900152366855,6.9403030661268845,6.40788755346407
M849,12.790928961747312,20.079414026112907,8.96623081053821,10.534998326993787,11.650005769981297,10.376649697667034
M85,11.989880484458562,18.615497432886993,11.467127999622896,13.77863727031993,10.280204839589485,11.033231573493433
M850,27.930239981100044,36.5656270973758,16.978385309617234,19.175130202772586,20.59015846422178,18.90221352874461
M851,4.127061803526596,5.755714360838073,2.7298494403924543,3.7537968751602317,3.51476478734195,3.3310882715783845
M852,5.158445111964756,4.710352983828281,3.6795250793911083,3.411949137284172,3.3127560103403195,3.379595347912589
M853,14.555319436380529,15.982263430928832,11.458352639270593,14.937672226744597,13.679434755957418,13.18992033216839
M854,7.795907777765714,13.942358079294129,0.8467012427057584,1.3979055816764665,8.611802103133916,3.1878862353223356
M855,9.054578329024217,8.247810671839552,10.926115706458265,6.682824282051319,16.519699682011378,11.152328374616395
M856,20.214239047674702,33.67840591124602,21.201262593105437,21.10182578540694,20.889941814499963,21.063733427694725
M857,3.971998606121807,4.347793099471925,2.7347424622891854,3.3048384441839733,2.658598850837544,2.898845032065609
M858,3.287035837777257,4.541274980615198,2.2632310062521586,2.52041860528791,2.3981721156254023,2.3903660146805255
M859,4.509201117282147,4.224035631010824,1.6835715980697297,3.3018982356889226,2.791795447507435,2.5895084385831426
M86,11.143386581447835,12.375604612871108,12.974960821240796,8.977090915698241,8.881157707017962,10.13366528256446
M860,3.9146901550297546,4.429994986010638,4.126204846776453,4.133102082657016,3.466102200114686,3.9078355175085275
M861,5.890830517233562,7.061788151136678,4.953139978827837,5.597401901593035,5.002414990423997,5.18371466558607
M862,3.501509157620154,3.4479920070103587,0.8083922730571305,2.2612584942910248,1.9126055065701912,1.6537849479310112
M863,0.9593826269874902,0.9938343951528399,0.782353891249324,0.8372122730252998,0.6368949460107243,0.7201100506757226
M864,0.5807864567105067,1.1047265238971071,0.6541062254684856,0.5464930069224576,0.6021166848671968,0.5978549127257284
M865,5.769409405777531,6.598035181733568,2.461403469540718,2.9248428728903657,3.2310550197240784,2.7500473052081857
M866,3.2251048135582137,3.7074894782233727,4.492117634296856,3.6116842975761037,3.748537799854471,3.9316652607065894
M867,0.7203046148958604,1.4017130728867424,1.8018141648456352,0.9896062859337508,1.297499369863334,1.3542191744193017
M868,2.915444529091185,5.983600064436648,1.1954914835186985,1.416041899573337,1.685580528635427,1.4059563755506508
M869,1.5295444478373754,3.42375132417777,1.7079492095996531,1.6412183100934952,1.5263650439761092,1.6126455495634482
M87,27.61720274861925,38.69398640876577,17.52286478128438,18.464170368197905,23.162982429999303,18.97715284571178
M870,1.9325648210331865,2.691463734329245,1.9337107607060595,1.7587871629750562,1.7802312530611877,1.7556583354555313
M871,5.66983145505645,3.7647545042945216,2.8174408036869574,4.449115960801737,3.8427872815903052,3.6838410519866125
M872,6.101706663779609,3.6973707447091666,2.910321160656247,4.203565823914147,4.0622129398982265,3.7232855491275885
M873,4.33093947423506,5.044980349033876,3.9684390136197343,4.269121033651686,4.374340970479943,4.178209354349628
M874,5.054051521169909,5.4860393009701784,3.034810323836828,3.6870979645554476,3.298729281512399,3.33971391634077
M875,7.090669583982081,7.546669618160418,4.942975260356288,5.646656826801615,5.134546937316319,5.240787206496012
M876,3.8494036001707914,6.921965913427552,2.9100748499684723,4.13280416189689,3.844535821568636,3.5863295671374087
M877,6.132405182745469,6.598767097005736,4.770328326199575,6.5569398559011125,5.806061604181559,5.70779509505233
M878,3.9183244575593483,5.511658905701703,3.0719749925413633,4.080730420897377,3.912328450730741,3.687062851110643
M879,4.872377721437109,4.8628372895417185,3.753966044593891,6.10706974069598,4.522795673539804,4.788706632135242
M88,6.890258865571152,10.638799100214804,11.114320346076987,9.711219585648362,5.908735716618498,8.233664146747522
M880,5.912151916314581,6.005972529768919,6.30025736798414,7.502854595156382,5.335674314071564,6.374311956375659
M881,3.593899501763822,3.870782427656723,4.3595943833125474,3.9889724214460194,3.8944942390951574,4.073884418982509
M882,3.626349386698167,4.005516152028789,3.7322465452164146,3.97405167849509,3.53638063728854,3.7473660667011472
M883,8.7501921252746,10.509911456302246,4.911944322584659,6.633160809013204,7.496186505489858,6.332220902645743
M884,4.7101145146335694,4.452105797831487,3.3695380658372263,3.9998533110035805,3.674297698830772,3.5808483732129903
M885,13.640093997115914,15.87856961653823,11.176488526578087,14.223901760918169,12.878082208691984,12.748847782369074
M886,0.9595767971236374,1.1601845957590082,1.3439828062809605,1.2921300281014427,1.8696272685851207,1.5020686831631098
M887,2.430519279632337,2.883771135024964,0.3269333086411191,1.186688162185508,0.9783836904023142,0.7285593665939529
M888,0.4608848749288821,1.5658196367205095,1.0688064659890815,0.5857310135809403,0.38658782463083247,0.648355983712556
M889,19.59800241165528,8.718010336008218,16.062350125769285,14.981388530071724,15.329846302971955,15.45948315815709
M89,20.931217434063647,20.134973334649118,30.950249654186003,21.340464853830895,18.9641016352144,19.069596945875883
M890,2.0294161064337315,4.098511331527598,1.0249355325884641,1.1640468351812951,0.9767379657442551,0.7641441926650648
M891,0.7936304225257376,0.9650934772860088,0.9301519405042631,0.8159260129509097,0.7666703188874398,0.8046361192232658
M892,4.887104289281069,3.515919303263359,1.4283172648699778,2.4246364493496935,2.4817845200646302,2.088806331850227
M893,2.8119909955810956,3.188698217964408,1.9818837853423403,1.8949989393940077,1.3306810460173815,1.7353081362704967
M894,4.530388871720638,3.8649213616350044,1.11385360722184,2.1374111937012445,2.389631614096747,1.8784610944047893
M895,5.719717736813577,3.244594451913953,2.7534352221661766,3.827001803099898,3.631512178710001,3.402526655350508
M896,3.6004033496371335,6.125850787900396,0.9687677319751304,2.0847936383459125,1.386939961829283,1.104607476983017
M897,1.8782314530233843,2.3126849094042035,4.708826900906253,1.2489232442634632,1.814725668585934,2.399577386075941
M898,3.807466935337927,6.77098211885268,1.9696007407586538,2.615279140453657,2.375757915754365,2.310817413379654
M899,5.113796557139193,7.061404683365916,1.97741636437931,2.6599451492330335,2.929794851051543,2.521270602575711
M9,61.579474307696955,42.66220804173876,36.5868649812885,35.42364499470499,38.95516552169126,36.906618659051986
M90,22.41670947784769,24.410999295435456,36.28344712858367,25.683019918443183,22.55297250669103,23.937873242650777
M900,7.510118375611335,7.128529426132916,3.148059901437536,4.868981802162784,4.7809912526136795,4.262153833250299
M901,9.708669679456406,9.776006678430726,5.188269197235878,7.75997138995038,6.955311402836498,6.627488710071307
M902,5.096493551846008,4.246650444391129,1.7221170844825062,2.4465483621196866,2.8315124367399425,2.3320401148391774
M903,7.477663330307225,8.498313820741826,2.488257351052932,3.8827362564505643,4.067356157262541,3.4760019420536583
M904,12.051775147173167,13.879340063226921,7.255695824944938,9.503897231317817,8.429018908624235,8.35511592171144
M905,4.229838047683709,6.43414772986608,1.453320841782497,2.2235357148817005,2.2079093319419316,1.9606003274867012
M906,6.82787262546648,9.553870353630542,3.5608363090076844,4.715602323919398,4.719662256869672,4.3299867178969045
M907,1.8632720051037757,3.3017863523080515,1.3568821752252864,0.983480903160273,1.0879748599400478,1.1096116646572984
M908,4.184273438997951,5.3316565162034015,2.0659024584166517,4.01048484930864,3.1572210511214376,3.0578869558547512
M909,4.160366879935612,5.6741734567439535,2.176211373243847,3.8529219628096305,3.1279587326954568,3.031610078652177
M91,17.83317292675622,17.1269163255988,12.440260272950601,8.87444297281716,15.972556112271137,8.879902505336926
M910,5.634819381035943,6.954638367487789,4.567392723962815,5.1380504448933015,4.3388961720066055,4.680805994126186
M911,3.3796369673643665,4.505448165635068,1.1301530631962295,3.0925783625361847,2.154623136723085,2.1041989115755872
M912,2.8387158143680673,2.767942738232973,0.5052129635008596,1.087488529382183,0.5611204242157695,0.7160732085382084
M913,0.647345470621598,1.3167247009868162,3.506474915801613,2.3430896768729728,2.2699251588624243,2.7088256262112846
M914,1.9319677457465272,3.9973539168365004,1.3731682094241728,1.8785105021039321,3.4581576482943115,2.241761440993298
M915,1.6775666360884864,3.3379441698980283,5.010738477503252,1.2872360010316193,0.6554726982744281,2.212245717028929
M916,5.383048029991382,6.683419385406292,0.8425954121208724,2.0731601948350953,2.2944921674941425,1.7059820426619803
M917,5.867763276124912,6.844631629095932,1.4850669991779806,2.984957737030962,2.7689983761948493,2.3625079392055386
M918,4.931952501866324,6.518485134271884,0.5924734847518591,1.2333227012930257,1.893674922820824,1.1610668592870637
M919,4.326008327883478,5.481171107626285,0.26888297633238895,0.7939866521087948,1.447076459333977,0.7516470942239304
M92,25.60798913652726,10.591172477806582,11.505706382731022,9.87320761574213,13.571637263794678,9.257569917403123
M920,3.848240524610274,4.9785544970391,0.30908713898045903,1.3662213693678362,1.28851414886756,0.8503843295065977
M921,5.21022568627197,6.358062659965983,0.6166710703761595,1.4668191538251831,2.0301520542331932,1.310072641208307
M922,1.7785587016295388,1.9662221245174218,0.2841183239020688,0.33824606057914186,0.23725005525940532,0.20312973964190245
M923,0.3647543646697952,0.7830875016807941,0.34945090506075227,0.22552831478849564,0.9431186612067227,0.28325881705904643
M924,3.25682004475685,4.511368894185785,0.6628318518921363,1.5699551592774688,1.3005479597734189,1.0325210333399557
M925,2.99731626690589,4.138362478849851,0.3748400379398509,0.623680520873454,0.9715502472057254,0.5650109856325637
M926,6.322255180919285,7.080666166282814,3.039583094655283,4.620750861096142,3.6697494829483523,3.766239370819742
M927,8.0273215455004,9.771788071342575,5.439139490911261,8.198845591958229,5.747293915390835,6.40271519909981
M928,5.363943146744569,12.056756826770643,5.295576351717002,5.199197260428786,5.054575787671658,5.0366877876092015
M929,2.5582625764154763,3.250868514688482,2.264743186835532,2.2620281384205434,2.048273873943866,2.039280415515516
M93,9.60483741097539,8.907280951616038,5.136767083713186,5.185257132795621,6.88843654007747,5.329135347855337
M930,7.035502087287012,7.130523126679947,4.576778610160986,6.346853851042059,5.443761785709216,5.440619408348503
M931,5.708409627026423,6.500607372689928,3.4436701169752792,5.437134347604001,4.328505136252987,4.371262320940401
M932,11.245876384852236,14.057046071848642,8.379134598803997,9.095027271093535,9.451920659094178,8.952793360732793
M933,13.187591384688444,13.514022558337878,8.680719993519986,10.687841871259382,9.754318985691306,9.6792749619966
M934,9.161439718087125,11.219926457030173,8.022389419876012,9.790519628027969,7.939913893003041,8.572499985398549
M935,14.416307051024525,21.81119551603284,14.84796528499141,18.40351809757405,15.009772501513266,16.063185497035825
M936,4.091557098288779,2.1677752684890748,2.3210809398878602,1.7624786361978244,1.423881543127867,1.7470006399840752
M937,4.419530513608222,4.138592639665069,1.2717645216181117,1.7448649132181766,2.0886301345427993,1.6325018597573075
M938,5.149894075127188,5.332595131826974,2.504396903823717,3.0710754523378867,2.89948840580241,2.778611780954272
M939,33.0972845149328,16.593179735038706,17.297172081601495,17.70806605474549,15.159861496336212,15.752331181343099
M94,7.21663992679051,7.604892563418177,5.149464984497083,5.360125383972804,4.766327992069292,5.048558008540864
M940,1.8553992320048218,2.531090299413495,2.916583096878629,2.036948820414108,2.399564825690517,2.4069540341063953
M941,1.6429404715008271,1.6079458742043586,6.101847455481213,4.6661636152569255,4.61556031314819,5.117188824952732
M942,4.224877577710952,4.992738091046286,2.302267394903465,1.6326974555015796,1.5569675147237418,1.7157088586725662
M943,11.146475944636101,6.6105169810285815,5.711218179605295,5.751579131223453,6.489755149903837,5.008395842839047
M944,2.552781759831183,2.2819101672089683,4.022526116251163,2.212057684851093,2.2771338903233924,2.827958785431661
M945,7.510118375611335,7.128529426132916,3.148059901437536,4.868981802162784,4.7809912526136795,4.262153833250299
M946,9.708669679456406,9.776006678430726,5.188269197235878,7.75997138995038,6.955311402836498,6.627488710071307
M947,4.364652330711661,11.46901386201764,3.196860816169529,3.7903355168620916,3.5994118554589556,3.4269428371469934
M948,2.596647626200862,2.9173524081555846,2.5782353418496258,2.798432631352009,1.935858446519767,2.349693294110046
M949,7.794725765983563,7.240137971567443,5.429600279448035,8.809738721415775,6.552796343152297,6.91488801637362
M95,6.080871097204395,7.876755660140698,7.416843031754932,6.344414048734646,6.259276878059709,6.61605707842396
M950,5.2514502687584175,6.490044503425493,2.961884583789685,5.125929484792764,4.182583524189232,4.0766137562621
M951,10.922895355363192,13.956225218494843,5.661181153357478,8.023259721220382,9.692198718426361,7.773143228551526
M952,11.814964960288375,13.249353940983726,6.386551987597283,8.206165280212957,9.693358207703946,8.060648600640038
M953,11.107629528601684,11.061762912461916,7.689321976645747,10.4414431257483,9.615743794491745,9.239520599925525
M954,17.975793634168575,21.875452000991555,15.185032905493934,18.87744035150078,17.694889488472363,17.237975820125783
M955,3.830511699446383,2.149945824769549,2.501603136365204,1.2435248127574698,1.2061722278922735,1.3219239025048433
M956,5.096493551846008,4.246650444391129,1.7221170844825062,2.4465483621196866,2.8315124367399425,2.3320401148391774
M957,5.465909256237397,5.330690142621262,2.045455430037755,2.680420601507958,3.1643048685082413,2.593295776038905
M958,33.0863957274434,14.917926909507608,11.667310133023,11.622162606509335,12.352955722232995,11.79795418726025
M959,1.5616525470591647,2.5177826904411984,2.3819382543360614,1.4081304840488833,1.4200575137755278,1.5771260293801401
M96,7.222581890612307,7.958001991536431,6.311369625667029,6.810223469102711,6.727421351452146,6.578243059035388
M960,1.4332390895771403,1.6083930526775125,3.8798016243846383,3.0411288541723223,3.767435442306856,3.5639363368415555
M961,5.556768522013974,5.0871281888823665,1.2648709857816198,1.338876335642169,1.9231132374792876,1.3283507781777075
M962,5.882497076155174,6.459617639701263,4.864201716195247,6.852454312290792,5.4071215733310956,4.885390853336959
M963,3.291543199813921,2.1784618984073862,2.87304897619055,1.3867163534435925,1.3340477827461672,1.7485709361631605
M964,9.790373026653361,14.37223287888824,7.577155495555508,7.177104944076528,9.170936980177991,7.970908046880273
M965,5.6129932293518925,4.2843311097954055,2.223377407323186,2.8997999637149356,3.3901864881487516,2.8364151480672666
M966,11.43870693999988,11.410315671625975,6.29242160338395,8.239264666399404,8.104387406360152,7.540745129813952
M967,16.569621356171876,21.1860653841473,13.994088334902647,17.33361178393574,16.536325135470403,15.941819204423268
M968,8.0431308705952,10.907492302309471,4.09793887174909,6.349948566063367,5.707921783941816,5.3797033340412135
M969,5.823114873312955,5.500861567300766,1.920183870193795,3.9585436444353976,3.321361969523314,3.012387024379667
M97,9.830551827607854,8.686188335069062,10.492739783501722,10.489645324919946,11.771622180825913,10.922537215918348
M970,6.523895919012077,9.817639631499935,3.972332490002382,5.718927444660328,5.47963934876082,5.053275323113793
M971,7.330583050470821,5.286879946937552,2.2021423278100296,4.063839735430686,3.8308522960053586,3.328862019901697
M972,9.45901230884558,8.945218796517834,4.211770056475581,5.233863901213051,5.878417063875974,5.071085622576833
M973,3.878144371822735,10.806366375508375,3.243891489915442,2.7131921643750996,6.211993834474663,2.89924147423374
M974,0.8007553979470226,1.3175306097145616,4.395268249890675,3.2436281049128386,2.429407595596681,3.3607208698770403
M975,2.0991660160260595,3.9733216931585336,1.504710707048213,1.963459193366858,3.660583055609857,2.381478911051881
M976,1.5809205125338763,3.283973005625852,5.768871899231311,1.6688054047168932,0.7228725953512941,2.6377845595254756
M977,0.647345470621598,1.3167247009868162,3.506474915801613,2.3430896768729728,2.2699251588624243,2.7088256262112846
M978,1.9319677457465272,3.9973539168365004,1.3731682094241728,1.8785105021039321,3.4581576482943115,2.241761440993298
M979,2.0487950434196054,2.3732787710355527,4.056942501598705,3.0732967086925207,3.286309790141585,3.473378504865865
M98,10.219793140957709,14.744630207484477,10.736854211237729,10.834920139255486,11.652809680920774,10.754011622439243
M980,2.7550608284383316,3.849670303103884,3.9267125304855304,3.53037250227068,2.5898626394903013,3.351093335439103
M981,3.6672559487503866,5.186430606669319,2.6056164222908227,3.7738414490928136,3.5776234642940015,3.320706289110019
M982,3.3348552557106497,1.9251994763915106,5.986051120695057,4.856435504061597,4.097549714145192,4.98415157282529
M983,1.701970362911669,3.7336110740562125,1.4855573923728462,1.7212948896732498,1.8741708628836637,1.6852704891957413
M984,3.443291094698058,3.5436390346412576,2.697998253648401,3.0550686239708122,2.9073382946015727,2.8818387677883437
M985,6.081171918105632,11.326095805050405,1.1976621125164393,2.8406909290172275,9.319839685391987,4.518339867267248
M986,5.444134660398244,6.558609302734836,8.233454603023368,5.606838876606938,6.272576158233408,6.712781460279411
M987,3.0951878713715395,5.8502323767272335,0.518526231595664,2.830828778109252,5.037183696238196,2.66257802507372
M988,1.6987325074068802,2.1583263275092013,2.1306622765205963,2.1407681894460957,2.540745459465754,2.2709792296024975
M989,2.230010958594565,6.593518357449505,3.1020379243982066,0.8395183360061851,3.935584497327435,0.6458322945512665
M99,9.484572696131973,10.144982446383585,9.472580133853832,9.27811836217101,11.629894868769647,8.157998705614993
M990,2.2431668147704324,1.7959228360509703,5.390117057855711,4.174397680572711,3.6738792860016556,4.416425681989885
M991,1.6775666360884864,3.3379441698980283,5.010738477503252,1.2872360010316193,0.6554726982744281,2.212245717028929
M992,1.391160081997951,2.297124738993402,1.568288946948894,1.002225436790755,0.7770817170670316,1.1166960475855705
M993,3.447855038079224,4.144758673791712,7.415194033086613,4.373342836813196,3.1132435554230713,4.967379292031556
M994,2.2894025551574693,6.011745006733587,2.401844779760641,0.9876527097244993,1.3483114491254773,0.8906155761512866
M995,0.6455265650947926,1.193491592377433,3.8079836364130326,2.7393658569817685,2.93146890895113,3.161581595228855
M996,2.414493376423332,3.291578203005506,4.261265711798225,1.3975871825666377,1.167645980606372,2.0725690812280044
M997,7.874361082799384,5.61388571646631,9.435908407162117,8.241308737626923,6.313934626012605,8.008535656063168
M998,6.221226537604853,6.203655714652717,3.38840183951668,4.167557624814337,3.7123143173922495,3.755199548810894
M999,0.6723095925584759,1.4463670293832933,3.43529293047475,1.401001312343543,1.098432759388924,1.9749180623105624
